{
	"IcoMoonType": "selection",
	"icons": [
		{
			"icon": {
				"paths": [
					"M128 256l384 512 384-512h-768z"
				],
				"grid": 16,
				"tags": [
					"triangle-down"
				]
			},
			"properties": {
				"order": 1,
				"id": 64,
				"prevSize": 16,
				"code": 58881,
				"name": "triangle-down",
				"ligatures": ""
			},
			"setIdx": 0,
			"iconIdx": 1
		},
		{
			"icon": {
				"paths": [
					"M896 704h-768l384-384 384 384z"
				],
				"grid": 16,
				"tags": [
					"triangle-up-small"
				]
			},
			"properties": {
				"order": 2,
				"id": 69,
				"prevSize": 16,
				"code": 58882,
				"name": "triangle-up-small",
				"ligatures": ""
			},
			"setIdx": 0,
			"iconIdx": 2
		},
		{
			"icon": {
				"paths": [
					"M512 704l-384-384h768l-384 384z"
				],
				"grid": 16,
				"tags": [
					"triangle-down-small"
				]
			},
			"properties": {
				"order": 3,
				"id": 65,
				"prevSize": 16,
				"code": 58883,
				"name": "triangle-down-small",
				"ligatures": ""
			},
			"setIdx": 0,
			"iconIdx": 3
		},
		{
			"icon": {
				"paths": [
					"M896 960l-768-448 768-448v896z"
				],
				"grid": 16,
				"tags": [
					"triangle-left-large"
				]
			},
			"properties": {
				"order": 4,
				"id": 66,
				"prevSize": 16,
				"code": 58884,
				"name": "triangle-left-large",
				"ligatures": ""
			},
			"setIdx": 0,
			"iconIdx": 4
		},
		{
			"icon": {
				"paths": [
					"M128 64l768 448-768 448v-896z"
				],
				"grid": 16,
				"tags": [
					"triangle-right-large"
				]
			},
			"properties": {
				"order": 5,
				"id": 67,
				"prevSize": 16,
				"code": 58885,
				"name": "triangle-right-large",
				"ligatures": ""
			},
			"setIdx": 0,
			"iconIdx": 5
		},
		{
			"icon": {
				"paths": [
					"M224.96 511.232l447.168-447.232 128 131.008-321.152 318.016 321.152 320.896-128.256 128.256-446.912-450.944z"
				],
				"grid": 16,
				"tags": [
					"arrow-left"
				]
			},
			"properties": {
				"order": 6,
				"id": 1,
				"prevSize": 16,
				"code": 58886,
				"name": "arrow-left",
				"ligatures": ""
			},
			"setIdx": 0,
			"iconIdx": 6
		},
		{
			"icon": {
				"paths": [
					"M353.152 962.112l-128.192-128.256 321.088-320.896-321.152-317.952 128-131.008 447.168 447.232-446.912 450.88z"
				],
				"grid": 16,
				"tags": [
					"arrow-right"
				]
			},
			"properties": {
				"order": 7,
				"id": 2,
				"prevSize": 16,
				"code": 58887,
				"name": "arrow-right",
				"ligatures": ""
			},
			"setIdx": 0,
			"iconIdx": 7
		},
		{
			"icon": {
				"paths": [
					"M928 608.064h-320v319.936c0 35.392-28.608 64-64 64h-64c-35.328 0-64-28.608-64-64v-319.936h-320c-35.328 0-64-28.736-64-64.064v-64.064c0-35.328 28.672-63.872 64-63.872h320v-320.064c0-35.328 28.672-64 64-64h64c35.392 0 64 28.672 64 64v320.064h320c35.392 0 64 28.544 64 63.872v64.064c0 35.328-28.608 64.064-64 64.064z"
				],
				"grid": 16,
				"tags": [
					"plus"
				]
			},
			"properties": {
				"order": 8,
				"id": 36,
				"prevSize": 16,
				"code": 58888,
				"name": "plus",
				"ligatures": ""
			},
			"setIdx": 0,
			"iconIdx": 8
		},
		{
			"icon": {
				"paths": [
					"M919.808 195.968c12.48 12.416 12.48 32.832 0 45.248l-248.896 249.024c-12.352 12.416-12.352 32.832 0 45.312l248.768 249.088c12.48 12.416 12.48 32.832 0 45.248l-90.624 90.432c-12.352 12.416-32.768 12.416-45.248 0l-248.64-249.088c-12.416-12.416-32.832-12.416-45.248 0l-248.896 248.896c-12.416 12.48-32.832 12.48-45.248 0l-90.496-90.624c-12.416-12.352-12.416-32.768 0-45.248l248.96-248.896c12.416-12.416 12.416-32.832 0-45.312l-248.768-249.024c-12.416-12.48-12.416-32.832 0-45.248l90.56-90.496c12.416-12.416 32.832-12.416 45.248 0l248.64 249.024c12.416 12.48 32.832 12.48 45.248 0.064l248.832-248.96c12.48-12.352 32.896-12.352 45.248 0l90.56 90.56z"
				],
				"grid": 16,
				"tags": [
					"cross"
				]
			},
			"properties": {
				"order": 9,
				"id": 13,
				"prevSize": 16,
				"code": 58889,
				"name": "cross",
				"ligatures": ""
			},
			"setIdx": 0,
			"iconIdx": 9
		},
		{
			"icon": {
				"paths": [
					"M923.136 137.408c-12.352-12.544-32.768-12.544-45.12 0l-476.16 474.496c-12.48 12.544-32.832 12.544-45.248 0l-208.64-212.736c-6.144-6.208-14.272-9.408-22.336-9.472-8.256 0-16.576 3.008-22.848 9.472l-92.16 83.008c-6.144 6.272-9.472 14.144-9.472 22.336 0 8.32 3.328 17.024 9.472 23.232l210.368 220.992c12.416 12.48 32.832 33.024 45.248 45.632l90.432 91.264c12.416 12.48 32.768 12.48 45.248 0l611.712-611.328c12.48-12.48 12.48-33.088 0-45.632l-90.496-91.264z"
				],
				"grid": 16,
				"tags": [
					"check"
				]
			},
			"properties": {
				"order": 10,
				"id": 8,
				"prevSize": 16,
				"code": 58890,
				"name": "check",
				"ligatures": ""
			},
			"setIdx": 0,
			"iconIdx": 10
		},
		{
			"icon": {
				"paths": [
					"M512 0c-281.6 0-512 230.4-512 512s230.4 512 512 512 512-230.4 512-512c0-281.6-230.4-512-512-512zM512 819.2c-168.96 0-307.2-138.24-307.2-307.2 0-168.96 138.24-307.2 307.2-307.2 168.96 0 307.2 138.24 307.2 307.2 0 168.96-138.24 307.2-307.2 307.2z"
				],
				"grid": 16,
				"tags": [
					"radio-unchecked"
				]
			},
			"properties": {
				"order": 11,
				"id": 63,
				"prevSize": 16,
				"code": 58891,
				"name": "radio-unchecked",
				"ligatures": ""
			},
			"setIdx": 0,
			"iconIdx": 11
		},
		{
			"icon": {
				"paths": [
					"M512 0c-281.6 0-512 230.4-512 512s230.4 512 512 512 512-230.4 512-512c0-281.6-230.4-512-512-512zM512 819.2c-168.96 0-307.2-138.24-307.2-307.2 0-168.96 138.24-307.2 307.2-307.2 168.96 0 307.2 138.24 307.2 307.2 0 168.96-138.24 307.2-307.2 307.2zM512 358.4c-87.040 0-153.6 66.56-153.6 153.6s66.56 153.6 153.6 153.6 153.6-66.56 153.6-153.6c0-87.040-66.56-153.6-153.6-153.6z"
				],
				"grid": 16,
				"tags": [
					"radio-checked"
				]
			},
			"properties": {
				"order": 12,
				"id": 61,
				"prevSize": 16,
				"code": 58892,
				"name": "radio-checked",
				"ligatures": ""
			},
			"setIdx": 0,
			"iconIdx": 12
		},
		{
			"icon": {
				"paths": [
					"M256 0h512c143.36 0 256 112.64 256 256v512c0 143.36-112.64 256-256 256h-512c-143.36 0-256-112.64-256-256v-512c0-143.36 112.64-256 256-256z"
				],
				"grid": 16,
				"tags": [
					"checkbox-unchecked"
				]
			},
			"properties": {
				"order": 13,
				"id": 54,
				"prevSize": 16,
				"code": 58893,
				"name": "checkbox-unchecked",
				"ligatures": ""
			},
			"setIdx": 0,
			"iconIdx": 13
		},
		{
			"icon": {
				"paths": [
					"M768 0h-512c-143.36 0-256 112.64-256 256v512c0 143.36 112.64 256 256 256h512c143.36 0 256-112.64 256-256v-512c0-143.36-112.64-256-256-256zM844.8 409.6l-368.64 368.64c-5.12 5.12-20.48 5.12-25.6 0l-56.32-56.32c-5.12-5.12-20.48-20.48-25.6-25.6l-128-133.12c-5.12-5.12-5.12-10.24-5.12-15.36s0-10.24 5.12-15.36l56.32-51.2c5.12 0 10.24-5.12 10.24-5.12 5.12 0 10.24 0 15.36 5.12l122.88 128c5.12 5.12 20.48 5.12 25.6 0l286.72-286.72c5.12-5.12 20.48-5.12 25.6 0l56.32 56.32c10.24 10.24 10.24 20.48 5.12 30.72z"
				],
				"grid": 16,
				"tags": [
					"checkbox-checked"
				]
			},
			"properties": {
				"order": 14,
				"id": 52,
				"prevSize": 16,
				"code": 58894,
				"name": "checkbox-checked",
				"ligatures": ""
			},
			"setIdx": 0,
			"iconIdx": 14
		},
		{
			"icon": {
				"paths": [
					"M512 0c-282.752 0-512 229.248-512 512s229.248 512 512 512c282.752 0 512-229.248 512-512 0-282.752-229.248-512-512-512zM512 831.936c-35.776 0-64.768-28.544-64.768-63.808 0-35.2 28.992-63.808 64.768-63.808 35.776 0 64.768 28.608 64.768 63.808 0 35.264-28.992 63.808-64.768 63.808zM576.768 572.224c0 37.056-28.992 67.072-64.768 67.072-35.776 0-64.768-30.080-64.768-67.072v-313.088c0-37.056 28.992-67.072 64.768-67.072 35.776 0 64.768 30.080 64.768 67.072v313.088z"
				],
				"grid": 16,
				"tags": [
					"alert-circle"
				],
				"width": 1024
			},
			"properties": {
				"order": 15,
				"id": 0,
				"prevSize": 16,
				"code": 58896,
				"name": "alert-circle",
				"ligatures": ""
			},
			"setIdx": 0,
			"iconIdx": 16
		},
		{
			"icon": {
				"paths": [
					"M512 1024c-282.752 0-512-229.248-512-512 0-282.688 229.248-512 512-512 282.752 0 512 229.248 512 512 0 282.752-229.248 512-512 512zM512 831.936c35.776 0 64.768-28.544 64.768-63.808 0-35.2-28.992-63.808-64.768-63.808-35.776 0-64.768 28.608-64.768 63.808 0 35.264 28.992 63.808 64.768 63.808zM650.752 235.712c-33.92-27.904-82.24-43.456-140.032-43.456-42.56 0-78.912 7.68-110.144 20.16-16.576 6.72-69.632 39.68-80.64 48.896l32.384 48.32c5.312 9.344 13.952 14.080 25.92 14.080 4.992 0 10.624-1.984 16.96-5.888 4.608-2.88 41.088-21.696 56.512-26.368 32.32-9.6 67.84-5.696 84.16-0.64 22.272 6.848 38.4 19.904 47.36 37.76 5.888 11.776 13.376 44.16-4.224 74.432-14.656 25.088-37.568 44.16-62.848 61.056-13.504 9.216-26.048 18.624-37.376 28.416-0.512 0-1.792 0.96-4.672 3.52 1.408-1.216 3.264-2.304 4.672-3.52 3.2-0.128-30.784 43.328-30.784 83.52 0 42.88 0 64 0 64h128v-64c0-33.28 16.128-51.968 16.448-56.704 11.008-7.872 61.056-46.144 72.96-59.904 22.208-25.6 38.592-59.392 38.592-107.008 0-48.832-19.392-88.832-53.248-116.672z"
				],
				"grid": 16,
				"tags": [
					"question-circle"
				]
			},
			"properties": {
				"order": 16,
				"id": 39,
				"prevSize": 16,
				"code": 58897,
				"name": "question-circle",
				"ligatures": ""
			},
			"setIdx": 0,
			"iconIdx": 17
		},
		{
			"icon": {
				"paths": [
					"M512 0c-282.752 0-512 229.184-512 511.936 0 282.816 229.248 512.064 512 512.064 282.752 0 512-229.248 512-512.064 0-282.752-229.248-511.936-512-511.936zM842.88 407.872l-367.296 367.232c-7.488 7.488-19.712 7.488-27.136 0l-54.272-54.784c-7.424-7.552-19.712-19.904-27.136-27.392l-126.336-132.8c-3.712-3.712-5.696-8.96-5.696-13.888 0-4.992 1.984-9.728 5.696-13.504l55.36-49.92c3.776-3.84 8.768-5.632 13.696-5.632 4.864 0.064 9.728 1.984 13.44 5.632l125.248 127.872c7.488 7.616 19.648 7.616 27.136 0l285.888-285.12c7.424-7.488 19.712-7.488 27.136 0l54.336 54.912c7.424 7.488 7.424 19.84-0.064 27.392z"
				],
				"grid": 16,
				"tags": [
					"check-circle"
				]
			},
			"properties": {
				"order": 17,
				"id": 9,
				"prevSize": 16,
				"code": 58898,
				"name": "check-circle",
				"ligatures": ""
			},
			"setIdx": 0,
			"iconIdx": 18
		},
		{
			"icon": {
				"paths": [
					"M874.048 149.952c-199.936-200-524.096-199.936-724.096 0-199.936 199.872-199.936 524.096 0.064 724.032 199.936 199.936 524.096 199.936 724.032 0.064 200-199.936 200-524.16 0-724.096zM747.2 650.944c27.52 27.52 28.224 71.296 1.728 97.856-26.56 26.56-70.4 25.728-97.792-1.728l-139.072-139.008-139.584 139.584c-27.52 27.456-71.296 28.224-97.792 1.728-26.56-26.56-25.728-70.4 1.664-97.856l139.648-139.584-139.648-139.648c-27.456-27.392-28.224-71.168-1.664-97.728 26.496-26.56 70.336-25.792 97.792 1.664l139.584 139.584 139.072-139.072c27.456-27.456 71.232-28.224 97.792-1.664 26.496 26.56 25.728 70.336-1.728 97.792l-139.008 139.072 139.008 139.008z"
				],
				"grid": 16,
				"tags": [
					"cross-circle"
				]
			},
			"properties": {
				"order": 18,
				"id": 14,
				"prevSize": 16,
				"code": 58899,
				"name": "cross-circle",
				"ligatures": ""
			},
			"setIdx": 0,
			"iconIdx": 19
		},
		{
			"icon": {
				"paths": [
					"M512-0.064c-282.752 0-512 229.312-512 512.064 0 282.816 229.248 512.064 512 512.064s512-229.248 512-512.064c0-282.752-229.248-512.064-512-512.064zM764.224 576.704h-187.392v187.52c0 36.992-28.992 67.072-64.768 67.072s-64.768-30.080-64.768-67.072v-187.52h-188.16c-36.992 0-67.072-28.928-67.072-64.704s30.080-64.768 67.072-64.768h188.16v-188.16c0-37.056 28.992-67.072 64.768-67.072s64.768 30.016 64.768 67.072v188.16h187.456c37.056 0 67.072 29.056 67.072 64.768s-30.016 64.704-67.136 64.704z"
				],
				"grid": 16,
				"tags": [
					"plus-circle"
				]
			},
			"properties": {
				"order": 19,
				"id": 37,
				"prevSize": 16,
				"code": 58900,
				"name": "plus-circle",
				"ligatures": ""
			},
			"setIdx": 0,
			"iconIdx": 20
		},
		{
			"icon": {
				"paths": [
					"M288 0h-192c-35.328 0-64 28.608-64 64v896c0 35.392 28.672 64 64 64h192c35.328 0 64-28.608 64-64v-896c0-35.392-28.672-64-64-64zM928 0h-192c-35.392 0-64 28.608-64 64v896c0 35.392 28.608 64 64 64h192c35.392 0 64-28.608 64-64v-896c0-35.392-28.608-64-64-64z"
				],
				"grid": 16,
				"tags": [
					"pause"
				]
			},
			"properties": {
				"order": 20,
				"id": 33,
				"prevSize": 16,
				"code": 58901,
				"name": "pause",
				"ligatures": ""
			},
			"setIdx": 0,
			"iconIdx": 21
		},
		{
			"icon": {
				"paths": [
					"M880 484.224l-832-480c-9.856-5.696-22.144-5.696-32 0-9.856 5.76-16 16.32-16 27.776v960c0 11.456 6.144 22.016 16 27.712 4.928 2.88 10.496 4.288 16 4.288s11.072-1.408 16-4.288l832-480c9.856-5.696 16-16.256 16-27.712s-6.144-22.016-16-27.776z"
				],
				"grid": 16,
				"tags": [
					"play"
				]
			},
			"properties": {
				"order": 21,
				"id": 35,
				"prevSize": 16,
				"code": 58902,
				"name": "play",
				"ligatures": ""
			},
			"setIdx": 0,
			"iconIdx": 22
		},
		{
			"icon": {
				"paths": [
					"M493.184 64c-48.384 0-63.040 27.84-63.040 27.84s-183.104 216.192-266.56 216.192c-82.176 0-81.344 0-81.344 0-45.44 0-82.24 36.416-82.24 81.28v244.096c0 44.928 36.8 81.28 82.176 81.28 0 0 1.344 0 82.176 0 81.024 0 269.568 218.88 269.568 218.88 14.912 15.488 35.904 25.152 59.264 25.152 45.376 0 82.176-36.352 82.176-81.28v-732.096c0-44.928-36.8-81.344-82.176-81.344zM843.968 142.272l-47.424 70.976c86.656 70.4 142.208 177.728 142.208 298.176s-55.488 227.84-142.208 298.112l47.424 70.976c109.44-85.888 180.032-219.136 180.032-369.088 0-150.016-70.592-283.2-180.032-369.152zM748.8 284.672l-47.872 71.68c41.344 38.912 67.392 93.76 67.392 155.072s-26.048 116.096-67.392 155.072l47.872 71.616c63.872-54.72 104.576-136 104.576-226.688 0-90.816-40.704-171.968-104.576-226.752z"
				],
				"grid": 16,
				"tags": [
					"volume"
				]
			},
			"properties": {
				"order": 22,
				"id": 49,
				"prevSize": 16,
				"code": 58903,
				"name": "volume",
				"ligatures": ""
			},
			"setIdx": 0,
			"iconIdx": 23
		},
		{
			"icon": {
				"paths": [
					"M492.8 64c-51.2 0-64 25.6-64 25.6s-179.2 217.6-262.4 217.6c-83.2 0-83.2 0-83.2 0-44.8 0-83.2 38.4-83.2 83.2v243.2c0 44.8 38.4 83.2 83.2 83.2 0 0 0 0 83.2 0 83.2 0 268.8 217.6 268.8 217.6 12.8 12.8 32 25.6 57.6 25.6 44.8 0 83.2-38.4 83.2-83.2v-729.6c0-44.8-38.4-83.2-83.2-83.2z"
				],
				"grid": 16,
				"tags": [
					"mute"
				]
			},
			"properties": {
				"order": 23,
				"id": 96,
				"prevSize": 16,
				"code": 58904,
				"name": "mute",
				"ligatures": ""
			},
			"setIdx": 0,
			"iconIdx": 24
		},
		{
			"icon": {
				"paths": [
					"M832 320l-213.056 208.448-125.696-125.696 210.752-210.688-160-160.064h448v448l-160-160zM526.976 617.472l-206.976 202.496 167.488 172.032h-455.488v-452.288l160 164.288 210.752-210.752 124.224 124.224z"
				],
				"grid": 16,
				"tags": [
					"resize"
				]
			},
			"properties": {
				"order": 24,
				"id": 97,
				"prevSize": 16,
				"code": 58905,
				"name": "resize",
				"ligatures": ""
			},
			"setIdx": 0,
			"iconIdx": 25
		},
		{
			"icon": {
				"paths": [
					"M991.936 96.64h-959.872c-17.6 0-32 15.36-32 34.176v124.672c0 18.048 14.4 32.832 32 32.832h959.872c17.6 0 32-14.72 32-32.832v-124.672c0-18.816-14.4-34.176-32-34.176zM991.936 416.64h-959.872c-17.6 0-32 15.36-32 34.24v124.608c0 18.112 14.4 32.832 32 32.832h959.872c17.6 0 32-14.72 32-32.832v-124.672c0-18.816-14.4-34.176-32-34.176zM991.936 736.64h-959.872c-17.6 0-32 15.36-32 34.24v124.608c0 17.984 14.4 32.768 32 32.768h959.872c17.6 0 32-14.72 32-32.768v-124.608c0-18.88-14.4-34.24-32-34.24z"
				],
				"grid": 16,
				"tags": [
					"list"
				]
			},
			"properties": {
				"order": 25,
				"id": 26,
				"prevSize": 16,
				"code": 58906,
				"name": "list",
				"ligatures": ""
			},
			"setIdx": 0,
			"iconIdx": 26
		},
		{
			"icon": {
				"paths": [
					"M352 64h-320c-19.2 0-32 12.8-32 32v320c0 19.2 12.8 32 32 32h320c19.2 0 32-12.8 32-32v-320c0-19.2-12.8-32-32-32z",
					"M352 576h-320c-19.2 0-32 12.8-32 32v320c0 19.2 12.8 32 32 32h320c19.2 0 32-12.8 32-32v-320c0-19.2-12.8-32-32-32z",
					"M992 64h-448c-19.2 0-32 12.8-32 32v64c0 19.2 12.8 32 32 32h448c19.2 0 32-12.8 32-32v-64c0-19.2-12.8-32-32-32z",
					"M992 320h-448c-19.2 0-32 12.8-32 32v64c0 19.2 12.8 32 32 32h448c19.2 0 32-12.8 32-32v-64c0-19.2-12.8-32-32-32z",
					"M992 576h-448c-19.2 0-32 12.8-32 32v64c0 19.2 12.8 32 32 32h448c19.2 0 32-12.8 32-32v-64c0-19.2-12.8-32-32-32z",
					"M992 832h-448c-19.2 0-32 12.8-32 32v64c0 19.2 12.8 32 32 32h448c19.2 0 32-12.8 32-32v-64c0-19.2-12.8-32-32-32z"
				],
				"grid": 16,
				"tags": [
					"list-thumbnailed"
				]
			},
			"properties": {
				"order": 26,
				"id": 60,
				"prevSize": 16,
				"code": 58907,
				"name": "list-thumbnailed",
				"ligatures": ""
			},
			"setIdx": 0,
			"iconIdx": 27
		},
		{
			"icon": {
				"paths": [
					"M288 64h-192c-19.2 0-32 12.8-32 32v192c0 19.2 12.8 32 32 32h192c19.2 0 32-12.8 32-32v-192c0-19.2-12.8-32-32-32zM288 384h-192c-19.2 0-32 12.8-32 32v192c0 19.2 12.8 32 32 32h192c19.2 0 32-12.8 32-32v-192c0-19.2-12.8-32-32-32zM608 64h-192c-19.2 0-32 12.8-32 32v192c0 19.2 12.8 32 32 32h192c19.2 0 32-12.8 32-32v-192c0-19.2-12.8-32-32-32zM608 384h-192c-19.2 0-32 12.8-32 32v192c0 19.2 12.8 32 32 32h192c19.2 0 32-12.8 32-32v-192c0-19.2-12.8-32-32-32zM928 64h-192c-19.2 0-32 12.8-32 32v192c0 19.2 12.8 32 32 32h192c19.2 0 32-12.8 32-32v-192c0-19.2-12.8-32-32-32zM928 384h-192c-19.2 0-32 12.8-32 32v192c0 19.2 12.8 32 32 32h192c19.2 0 32-12.8 32-32v-192c0-19.2-12.8-32-32-32zM288 704h-192c-19.2 0-32 12.8-32 32v192c0 19.2 12.8 32 32 32h192c19.2 0 32-12.8 32-32v-192c0-19.2-12.8-32-32-32zM608 704h-192c-19.2 0-32 12.8-32 32v192c0 19.2 12.8 32 32 32h192c19.2 0 32-12.8 32-32v-192c0-19.2-12.8-32-32-32zM928 704h-192c-19.2 0-32 12.8-32 32v192c0 19.2 12.8 32 32 32h192c19.2 0 32-12.8 32-32v-192c0-19.2-12.8-32-32-32z"
				],
				"grid": 16,
				"tags": [
					"list-small-thumbnails"
				]
			},
			"properties": {
				"order": 27,
				"id": 59,
				"prevSize": 16,
				"code": 58908,
				"name": "list-small-thumbnails",
				"ligatures": ""
			},
			"setIdx": 0,
			"iconIdx": 28
		},
		{
			"icon": {
				"paths": [
					"M416 0h-384c-19.2 0-32 12.8-32 32v384c0 19.2 12.8 32 32 32h384c19.2 0 32-12.8 32-32v-384c0-19.2-12.8-32-32-32zM992 0h-384c-19.2 0-32 12.8-32 32v384c0 19.2 12.8 32 32 32h384c19.2 0 32-12.8 32-32v-384c0-19.2-12.8-32-32-32zM416 576h-384c-19.2 0-32 12.8-32 32v384c0 19.2 12.8 32 32 32h384c19.2 0 32-12.8 32-32v-384c0-19.2-12.8-32-32-32zM992 576h-384c-19.2 0-32 12.8-32 32v384c0 19.2 12.8 32 32 32h384c19.2 0 32-12.8 32-32v-384c0-19.2-12.8-32-32-32z"
				],
				"grid": 16,
				"tags": [
					"list-large-thumbnails"
				]
			},
			"properties": {
				"order": 28,
				"id": 57,
				"prevSize": 16,
				"code": 58909,
				"name": "list-large-thumbnails",
				"ligatures": ""
			},
			"setIdx": 0,
			"iconIdx": 29
		},
		{
			"icon": {
				"paths": [
					"M992 64h-960c-19.2 0-32 12.8-32 32v64c0 19.2 12.8 32 32 32h960c19.2 0 32-12.8 32-32v-64c0-19.2-12.8-32-32-32z",
					"M992 320h-960c-19.2 0-32 12.8-32 32v64c0 19.2 12.8 32 32 32h960c19.2 0 32-12.8 32-32v-64c0-19.2-12.8-32-32-32z",
					"M992 576h-960c-19.2 0-32 12.8-32 32v64c0 19.2 12.8 32 32 32h960c19.2 0 32-12.8 32-32v-64c0-19.2-12.8-32-32-32z",
					"M992 832h-960c-19.2 0-32 12.8-32 32v64c0 19.2 12.8 32 32 32h960c19.2 0 32-12.8 32-32v-64c0-19.2-12.8-32-32-32z"
				],
				"grid": 16,
				"tags": [
					"list-columned"
				]
			},
			"properties": {
				"order": 29,
				"id": 56,
				"prevSize": 16,
				"code": 58911,
				"name": "list-columned",
				"ligatures": ""
			},
			"setIdx": 0,
			"iconIdx": 31
		},
		{
			"icon": {
				"paths": [
					"M992 128h-640c-19.2 0-32 12.8-32 32v64c0 19.2 12.8 32 32 32h640c19.2 0 32-12.8 32-32v-64c0-19.2-12.8-32-32-32z",
					"M992 448h-640c-19.2 0-32 12.8-32 32v64c0 19.2 12.8 32 32 32h640c19.2 0 32-12.8 32-32v-64c0-19.2-12.8-32-32-32z",
					"M992 768h-640c-19.2 0-32 12.8-32 32v64c0 19.2 12.8 32 32 32h640c19.2 0 32-12.8 32-32v-64c0-19.2-12.8-32-32-32z",
					"M256 192c0 70.692-57.308 128-128 128-70.692 0-128-57.308-128-128 0-70.692 57.308-128 128-128 70.692 0 128 57.308 128 128z",
					"M256 512c0 70.692-57.308 128-128 128-70.692 0-128-57.308-128-128 0-70.692 57.308-128 128-128 70.692 0 128 57.308 128 128z",
					"M256 832c0 70.692-57.308 128-128 128-70.692 0-128-57.308-128-128 0-70.692 57.308-128 128-128 70.692 0 128 57.308 128 128z"
				],
				"grid": 16,
				"tags": [
					"list-bulleted"
				]
			},
			"properties": {
				"order": 30,
				"id": 55,
				"prevSize": 16,
				"code": 58912,
				"name": "list-bulleted",
				"ligatures": ""
			},
			"setIdx": 0,
			"iconIdx": 32
		},
		{
			"icon": {
				"paths": [
					"M896 0h-768c-70.656 0-128 57.344-128 128v768c0 70.656 57.344 128 128 128h768c70.656 0 128-57.344 128-128v-768c0-70.656-57.344-128-128-128zM384 64.064c35.328 0 64 28.608 64 63.936 0 35.392-28.672 64-64 64s-64-28.608-64-64c0-35.328 28.672-63.936 64-63.936zM192 64.064c35.328 0 64 28.608 64 63.936 0 35.392-28.672 64-64 64s-64-28.608-64-64c0-35.328 28.672-63.936 64-63.936zM896.064 896h-768.064v-640h768.064v640z"
				],
				"grid": 16,
				"tags": [
					"window"
				]
			},
			"properties": {
				"order": 31,
				"id": 50,
				"prevSize": 16,
				"code": 58913,
				"name": "window",
				"ligatures": ""
			},
			"setIdx": 0,
			"iconIdx": 33
		},
		{
			"icon": {
				"paths": [
					"M938.752 192.256h-106.688v-106.624c0-47.104-38.208-85.312-85.312-85.312h-661.44c-47.104 0-85.312 38.208-85.312 85.312v660.672c0 47.168 37.248 85.376 83.136 85.376h108.864v106.688c0 47.104 37.248 85.312 83.136 85.312h665.792c45.952 0 83.2-38.208 83.2-85.312v-660.736c-0.064-47.104-38.272-85.376-85.376-85.376zM384 64.384c35.328 0 64 28.608 64 63.936 0 35.392-28.672 64-64 64s-64-28.608-64-64c0-35.328 28.672-63.936 64-63.936zM192 64.384c35.328 0 64 28.608 64 63.936 0 35.392-28.672 64-64 64s-64-28.608-64-64c0-35.328 28.672-63.936 64-63.936zM128 704.32l-0.064-448h576.064v448h-576zM896 896.32h-576v-64.64h428.864c45.952 0 83.2-38.208 83.2-85.376v-297.984h63.936v448z"
				],
				"grid": 16,
				"tags": [
					"windows"
				]
			},
			"properties": {
				"order": 32,
				"id": 51,
				"prevSize": 16,
				"code": 58914,
				"name": "windows",
				"ligatures": ""
			},
			"setIdx": 0,
			"iconIdx": 34
		},
		{
			"icon": {
				"paths": [
					"M768 768.064c-121.6 0-197.888-68.736-256-144.448-58.112 75.712-134.4 144.448-256 144.448-102.848 0-256-68.224-256-256.064 0-187.776 153.152-256 256-256 121.6 0 197.888 68.672 256 144.448 58.112-75.776 134.4-144.448 256-144.448 102.912 0 256 68.224 256 256 0 187.84-153.088 256.064-256 256.064zM256 384c-29.632 0.512-128 11.136-128 128 0 121.856 106.624 128 128 128 78.272 0 123.264-47.808 178.752-128-55.488-80.128-100.48-128-178.752-128zM589.248 512c55.424 80.128 100.352 127.872 178.432 128 30.336-0.448 128.32-11.264 128.32-128 0-121.856-106.624-128-128-128-78.272 0-123.264 47.872-178.752 128z"
				],
				"grid": 16,
				"tags": [
					"loop"
				]
			},
			"properties": {
				"order": 33,
				"id": 29,
				"prevSize": 16,
				"code": 58915,
				"name": "loop",
				"ligatures": ""
			},
			"setIdx": 0,
			"iconIdx": 35
		},
		{
			"icon": {
				"paths": [
					"M800 448c-22.976 0-59.328 0-96 0v128c22.656 0 44.8 0 64 0 12.096 0 23.296 0 32 0 123.712 0 224 100.288 224 224s-100.288 224-224 224-224-100.224-224-224c0-22.976 0-59.264 0-96h-128c0 22.656 0 44.864 0 64 0 12.096 0 23.232 0 32 0 123.776-100.288 224-224 224s-224-100.224-224-224 100.288-224 224-224c22.976 0 59.328 0 96 0v-128c-22.592 0-44.864 0-64 0-12.096 0-23.232 0-32 0-123.712 0-224-100.224-224-224 0-123.712 100.288-224 224-224s224 100.288 224 224c0 22.976 0 59.328 0 96h128c0-22.592 0-44.864 0-64 0-12.096 0-23.232 0-32 0-123.712 100.288-224 224-224s224 100.288 224 224c0 123.776-100.288 224-224 224zM320 224c0-52.992-43.008-96-96-96s-96 43.008-96 96c0 53.056 43.008 96 96 96 7.744 0 19.52 0 32 0 29.568 0 64 0 64 0s0-69.056 0-96zM320 768c0-29.504 0-64 0-64s-69.056 0-96 0c-52.992 0-96 43.008-96 96s43.008 96 96 96 96-43.008 96-96c0-7.744 0-19.52 0-32zM704 800c0 52.992 43.008 96 96 96s96-43.008 96-96-43.008-96-96-96c-7.744 0-19.52 0-32 0-29.568 0-64 0-64 0s0 69.12 0 96zM576 448h-128v128h128v-128zM800 128c-52.992 0-96 43.008-96 96 0 7.744 0 19.456 0 32 0 29.632 0 64 0 64s69.056 0 96 0c52.992 0 96-42.944 96-96 0-52.992-43.008-96-96-96z"
				],
				"grid": 16,
				"tags": [
					"cmd"
				]
			},
			"properties": {
				"order": 34,
				"id": 11,
				"prevSize": 16,
				"code": 58916,
				"name": "cmd",
				"ligatures": ""
			},
			"setIdx": 0,
			"iconIdx": 36
		},
		{
			"icon": {
				"paths": [
					"M801.984 553.6c-28.672-17.664-65.408-7.232-81.92 23.36-0.576 1.024-0.576 2.24-1.152 3.264l-1.472-0.96c-41.984 74.432-117.696 124.736-205.184 124.736s-163.136-50.304-205.184-124.736l-1.408 0.832c-0.704-1.6-0.704-3.456-1.6-5.12-16.576-30.528-53.312-41.024-82.048-23.36s-38.528 56.832-21.952 87.36c1.28 2.24 3.264 3.648 4.672 5.696l-1.088 0.704c53.12 94.208 143.104 161.6 248.576 180.608v70.016h-120.064c-33.152 0-60.032 28.672-60.032 64 0 35.392 26.88 64 60.032 64h360.128c33.216 0 60.032-28.608 60.032-64 0-35.328-26.816-64-60.032-64h-120v-69.952c105.472-19.008 195.456-86.528 248.576-180.672l-0.384-0.256c1.088-1.472 2.624-2.432 3.456-4.096 16.64-30.656 6.784-69.76-21.952-87.424zM512.256 640c99.456 0 180.032-85.952 180.032-192v-256c0-106.048-80.64-192-180.032-192-99.456 0-180.096 85.952-180.096 192v256c0 106.048 80.64 192 180.096 192z"
				],
				"grid": 16,
				"tags": [
					"mic"
				]
			},
			"properties": {
				"order": 35,
				"id": 31,
				"prevSize": 16,
				"code": 58917,
				"name": "mic",
				"ligatures": ""
			},
			"setIdx": 0,
			"iconIdx": 37
		},
		{
			"icon": {
				"paths": [
					"M948.544 513.152c100.48-102.784 100.352-269.312 0-372.032-51.392-52.48-118.976-78.144-186.24-76.992-94.144 1.536-249.344 128.96-249.344 128.96s-159.616-129.216-256-129.088c-65.728 0.128-131.392 25.856-181.504 77.056-100.416 102.784-100.48 269.248 0 372.032l436.544 446.336 436.544-446.272z"
				],
				"grid": 16,
				"tags": [
					"heart"
				]
			},
			"properties": {
				"order": 36,
				"id": 21,
				"prevSize": 16,
				"code": 58918,
				"name": "heart",
				"ligatures": ""
			},
			"setIdx": 0,
			"iconIdx": 38
		},
		{
			"icon": {
				"paths": [
					"M512.128 527.936c-87.872 0-159.104-73.728-159.104-164.8 0-91.136 71.232-164.864 159.104-164.864s159.104 73.728 159.104 164.864c0 91.008-71.232 164.8-159.104 164.8zM512.128-0.384c-194.496 0-352.128 163.328-352.128 364.8 0 190.272 159.488 435.776 265.984 555.264 39.808 44.544 86.144 104.704 86.144 104.704s49.792-60.352 92.48-106.304c106.368-114.496 259.648-344.448 259.648-553.6 0-201.536-157.632-364.864-352.128-364.864z"
				],
				"grid": 16,
				"tags": [
					"location"
				]
			},
			"properties": {
				"order": 37,
				"id": 27,
				"prevSize": 16,
				"code": 58919,
				"name": "location",
				"ligatures": ""
			},
			"setIdx": 0,
			"iconIdx": 39
		},
		{
			"icon": {
				"paths": [
					"M960.512 249.728c-21.76-35.968-48.576-71.168-81.344-103.808-33.216-32.896-68.992-59.968-105.6-81.6l64.32-64.32c0 0 93.056 0 139.648 46.528 46.464 46.592 46.464 139.648 46.464 139.648l-63.488 63.552zM387.2 831.232h-194.432v-194.432l23.36-23.36c39.552 18.56 78.784 44.928 114.176 80.32 35.392 35.328 61.696 74.688 80.32 114.176l-23.424 23.296zM906.752 303.488l-440 448.32c-22.72-37.632-50.688-74.304-84.992-108.352-34.688-34.432-72.064-62.72-110.336-85.312l449.152-440.896c37.824 17.856 75.456 42.944 109.312 76.864s59.008 71.424 76.864 109.376zM128 128v767.936h768v-319.936l128-127.936v482.88c0 51.392-41.6 93.056-93.056 93.056h-837.888c-51.392 0-93.056-41.664-93.056-93.056v-837.824c0-51.456 41.664-93.12 93.056-93.12h482.944l-128 128h-320z"
				],
				"grid": 16,
				"tags": [
					"new"
				]
			},
			"properties": {
				"order": 38,
				"id": 32,
				"prevSize": 16,
				"code": 58920,
				"name": "new",
				"ligatures": ""
			},
			"setIdx": 0,
			"iconIdx": 40
		},
		{
			"icon": {
				"paths": [
					"M960.256 863.936v0.768l-256.256-256.256v127.488c0 70.72-57.344 128.064-128 128.064h-448c-70.656 0-128-57.344-128-128.064v-447.872c0-70.72 57.344-128.064 128-128.064h448c70.656 0 128 57.344 128 128.064v128.576l256-256v-0.64c35.392 0 64 28.608 64 64v576c0 35.264-28.544 63.808-63.744 63.936z"
				],
				"grid": 16,
				"tags": [
					"video"
				]
			},
			"properties": {
				"order": 39,
				"id": 48,
				"prevSize": 16,
				"code": 58921,
				"name": "video",
				"ligatures": ""
			},
			"setIdx": 0,
			"iconIdx": 41
		},
		{
			"icon": {
				"paths": [
					"M897.024 192h-147.84l-42.88-90.624c-9.792-21.312-45.056-37.376-79.36-37.376h-244.8c-34.304 0-69.568 16.064-79.424 37.376l-41.856 90.624h-132.864c-128 0-128 64-128 64v640c0 0 0 64 128 64h768c128 0 128-64 128-64v-640c0 0 0-64-126.976-64zM512 831.936c-141.376 0-256-114.496-256-255.872 0-141.44 114.624-256.064 256-256.064s256 114.624 256 256.064c0 141.376-114.624 255.872-256 255.872zM512 416c-88.384 0-160 71.616-160 160 0 88.32 71.616 160 160 160s160-71.68 160-160c0-88.384-71.616-160-160-160z"
				],
				"grid": 16,
				"tags": [
					"photo"
				]
			},
			"properties": {
				"order": 40,
				"id": 34,
				"prevSize": 16,
				"code": 58922,
				"name": "photo",
				"ligatures": ""
			},
			"setIdx": 0,
			"iconIdx": 42
		},
		{
			"icon": {
				"paths": [
					"M512.064 0c-282.688 0-511.872 229.184-511.872 511.936 0 282.816 229.184 511.936 511.872 511.936 282.752 0 511.936-229.12 511.936-511.936 0-282.752-229.184-511.936-511.936-511.936zM678.976 691.52l-14.848 14.976c-12.416 12.352-33.344 12.992-46.464 1.28l-171.52-147.52c-13.12-11.712-23.040-35.712-22.208-53.248l17.856-283.072c0.896-17.6 16-31.936 33.664-31.936h21.056c17.6 0 32.704 14.336 33.536 31.936l14.656 231.808c0.896 17.536 11.2 42.688 22.848 55.808l112.768 133.568c11.648 12.992 11.136 33.984-1.344 46.4z"
				],
				"grid": 16,
				"tags": [
					"time"
				]
			},
			"properties": {
				"order": 41,
				"id": 43,
				"prevSize": 16,
				"code": 58923,
				"name": "time",
				"ligatures": ""
			},
			"setIdx": 0,
			"iconIdx": 43
		},
		{
			"icon": {
				"paths": [
					"M512.064 160c-338.944 0-512.96 352.896-512.96 352.896s131.328 352.96 512.96 352.96c345.472 0 512.832-351.616 512.832-351.616s-168.64-354.24-512.832-354.24zM512.832 733.504c-123.968 0-213.504-96.576-213.504-220.608 0-124.096 89.536-220.544 213.504-220.544 123.904 0 213.44 96.448 213.44 220.544 0 124.032-89.6 220.608-213.44 220.608zM512.832 380.544c-70.784 0.128-128.128 61.44-128.128 132.352 0 70.848 57.344 132.352 128.128 132.352s128.064-61.504 128.064-132.352c0-70.912-57.28-132.544-128.064-132.352z"
				],
				"grid": 16,
				"tags": [
					"eye"
				]
			},
			"properties": {
				"order": 42,
				"id": 18,
				"prevSize": 16,
				"code": 58924,
				"name": "eye",
				"ligatures": ""
			},
			"setIdx": 0,
			"iconIdx": 44
		},
		{
			"icon": {
				"paths": [
					"M1024 933.248c0 50.176-41.6 90.752-93.12 90.752h-291.264v-351.68c0-53.056-38.016-96.128-85.056-96.128h-85.12c-46.976 0-85.12 43.072-85.12 96.128v351.68h-291.264c-51.392 0-93.056-40.576-93.056-90.752v-478.976c0-23.36 9.344-44.48 24.192-60.544l-0.96-1.856 425.92-372.992c34.304-25.152 89.984-25.152 124.288 0l427.264 372.992-0.448 2.368c14.592 16.064 23.744 36.928 23.744 60.032v478.976z"
				],
				"grid": 16,
				"tags": [
					"home"
				]
			},
			"properties": {
				"order": 43,
				"id": 22,
				"prevSize": 16,
				"code": 58926,
				"name": "home",
				"ligatures": ""
			},
			"setIdx": 0,
			"iconIdx": 46
		},
		{
			"icon": {
				"paths": [
					"M896 1024h-192v-128h192.064v-640h-768.064v640h192v128h-192c-70.656 0-128-57.344-128-128v-768c0-70.656 57.344-128 128-128h768c70.656 0 128 57.344 128 128v768c0 70.656-57.344 128-128 128zM192 64.064c-35.392 0-64 28.608-64 63.936 0 35.392 28.608 64 64 64s64-28.608 64-64c0-35.328-28.608-63.936-64-63.936zM384 64.064c-35.392 0-64 28.608-64 63.936 0 35.392 28.608 64 64 64s64-28.608 64-64c0-35.328-28.608-63.936-64-63.936zM271.936 759.296c-22.208-23.232-22.208-60.864 0-84.16l196.928-209.408c6.144-6.464 13.44-10.496 21.12-13.44 0.064-0.064 0.192-0.064 0.32-0.128 5.888-2.24 11.84-3.456 17.984-3.712 2.24-0.192 4.416-0.384 6.656-0.256 2.752 0.192 5.376 1.024 8 1.6 11.328 2.24 22.272 6.72 30.976 15.872l196.864 209.408c22.272 23.296 22.272 60.928 0 84.16-22.272 23.104-58.304 23.104-80.576 0l-94.208-119.232v319.936c0 34.176-32.064 64.064-64.64 64.064-32.512 0-63.36-29.888-63.36-64.064v-319.936l-95.488 119.296c-22.272 23.168-58.304 23.168-80.576 0z"
				],
				"grid": 16,
				"tags": [
					"upload"
				]
			},
			"properties": {
				"order": 44,
				"id": 46,
				"prevSize": 16,
				"code": 58927,
				"name": "upload",
				"ligatures": ""
			},
			"setIdx": 0,
			"iconIdx": 47
		},
		{
			"icon": {
				"paths": [
					"M723.392 606.4c-11.328-11.456-15.104-32.704-8.384-47.296 0 0 47.232-102.464 47.232-177.728 0-210.624-170.432-381.376-380.736-381.376s-380.8 170.752-380.8 381.312c0 210.624 170.496 381.376 380.8 381.376 75.2 0 177.408-47.36 177.408-47.36 14.656-6.784 35.968-2.944 47.232 8.448l291.456 291.776c11.456 11.392 30.080 11.392 41.344 0l75.776-75.904c11.456-11.456 11.456-30.144 0-41.472l-291.328-291.776zM381.504 586.624c-113.088 0-205.056-92.032-205.056-205.312 0-113.216 92.032-205.312 205.056-205.312s204.992 92.096 204.992 205.312c0 113.28-91.904 205.312-204.992 205.312z"
				],
				"grid": 16,
				"tags": [
					"search"
				]
			},
			"properties": {
				"order": 45,
				"id": 40,
				"prevSize": 16,
				"code": 58928,
				"name": "search",
				"ligatures": ""
			},
			"setIdx": 0,
			"iconIdx": 48
		},
		{
			"icon": {
				"paths": [
					"M449.024 363.712c106.56 0 193.024-81.344 193.024-181.888-0.064-100.416-86.464-181.824-193.024-181.824s-193.024 81.408-193.024 181.824c0 100.48 86.464 181.888 193.024 181.888zM600.32 376.32c-42.56 29.44-94.592 47.424-151.296 47.424-56.96 0-109.12-18.112-151.744-47.744-173.248 37.312-297.28 136.832-297.28 254.016v258.88c0 17.152 14.4 31.104 32 31.104h64c17.6 0 32-12.608 32-28.096 0-8.96 0-201.856 0-201.856 0-16.64 9.536-9.984 21.376-9.984 11.776 0 21.312 9.024 21.312 19.968l0.32 179.968c0.896 10.368 9.6 84.416 20.544 86.592 0 0 66.56 57.344 256.448 57.344 191.232 0 256.448-57.344 256.448-57.344 10.944-2.112 19.712-76.16 20.544-86.592l0.32-179.968c0-11.008 9.536-19.968 21.376-19.968 11.776 0 21.312 9.024 21.312 19.968 0 0 0 182.912 0 191.872 0 15.488 14.4 28.096 32 28.096h64c17.6 0 32-14.016 32-31.104v-258.88c0-116.864-123.392-216.128-295.68-253.696z"
				],
				"grid": 16,
				"tags": [
					"user"
				]
			},
			"properties": {
				"order": 46,
				"id": 47,
				"prevSize": 16,
				"code": 58929,
				"name": "user",
				"ligatures": ""
			},
			"setIdx": 0,
			"iconIdx": 49
		},
		{
			"icon": {
				"paths": [
					"M896 96c-50.496 0-768 0-768 0-50.496 0-128 41.152-128 90.944v18.112c0 0 432.768 361.856 512 361.856s512-360.704 512-360.704v-19.2c0-49.856-77.504-91.008-128-91.008zM0 351.040v512.896c0 0 0 64.064 128 64.064h768c128.192 0 128-64.064 128-64.064v-514.496c0 0-364.16 324.992-512 324.992-146.304 0-512-323.392-512-323.392z"
				],
				"grid": 16,
				"tags": [
					"mail"
				]
			},
			"properties": {
				"order": 47,
				"id": 30,
				"prevSize": 16,
				"code": 58930,
				"name": "mail",
				"ligatures": ""
			},
			"setIdx": 0,
			"iconIdx": 50
		},
		{
			"icon": {
				"paths": [
					"M896 1024h-768c-35.328 0-64-28.608-64-64.064v-447.936c0-35.328 28.672-64 64-64h64v-128c0-176.704 143.232-320 320-320s320 143.296 320 320v128h64c35.392 0 64 28.672 64 64v447.936c0 35.456-28.608 64.064-64 64.064zM704 320c0-105.984-85.952-192-192-192s-192 86.016-192 192v128h384v-128z"
				],
				"grid": 16,
				"tags": [
					"lock"
				]
			},
			"properties": {
				"order": 48,
				"id": 28,
				"prevSize": 16,
				"code": 58931,
				"name": "lock",
				"ligatures": ""
			},
			"setIdx": 0,
			"iconIdx": 51
		},
		{
			"icon": {
				"paths": [
					"M767.872 172.992l-0.128 0.064c-0.896-0.64-1.6-1.536-2.624-2.24-29.184-20.032-68.992-12.608-89.024 16.704-19.968 29.312-12.48 69.312 16.64 89.344 0.768 0.64 1.536 0.896 2.24 1.28l-0.256 0.448c82.88 58.048 137.28 154.496 137.28 263.744 0 177.536-143.296 321.472-320 321.472s-320-143.936-320-321.472c0-109.248 54.4-205.696 137.28-263.744l-0.256-0.448c0.704-0.384 1.472-0.64 2.24-1.216 29.184-20.032 36.608-60.032 16.64-89.344-20.032-29.312-59.84-36.8-89.024-16.704-0.96 0.704-1.728 1.536-2.688 2.24l-0.064-0.128c-116.032 81.408-192.128 216.32-192.128 369.344 0 248.576 200.576 450.176 448 450.176s448-201.6 448-450.176c0-153.024-76.096-287.936-192.128-369.344zM512 608c35.392 0 64-28.608 64-64v-447.936c0-35.392-28.608-64.064-64-64.064-35.328 0-64 28.672-64 64.064v447.936c0 35.392 28.672 64 64 64z"
				],
				"grid": 16,
				"tags": [
					"power"
				]
			},
			"properties": {
				"order": 49,
				"id": 38,
				"prevSize": 16,
				"code": 58932,
				"name": "power",
				"ligatures": ""
			},
			"setIdx": 0,
			"iconIdx": 52
		},
		{
			"icon": {
				"paths": [
					"M320 384c-35.328 0-64 28.608-64 64s28.672 64 64 64 64-28.608 64-64-28.672-64-64-64zM512 576c-35.328 0-64 28.608-64 64s28.672 64 64 64 64-28.608 64-64-28.672-64-64-64zM320 576c-35.328 0-64 28.608-64 64s28.672 64 64 64 64-28.608 64-64-28.672-64-64-64zM896 64.064h-128c0-35.392-28.608-64.064-64-64.064s-64 28.672-64 64.064h-256c0-35.392-28.672-64.064-64-64.064s-64 28.672-64 64.064h-128c-70.656 0-128 57.28-128 127.936v640c0 70.72 57.344 128 128 128h768c70.656 0 128-57.28 128-128v-640c0-70.656-57.344-127.936-128-127.936zM896 832h-768v-640h128c0 35.392 28.672 64 64 64s64-28.608 64-64h256c0 35.392 28.608 64 64 64s64-28.608 64-64h128v640zM704 384c-35.392 0-64 28.608-64 64s28.608 64 64 64 64-28.608 64-64-28.608-64-64-64zM512 384c-35.328 0-64 28.608-64 64s28.672 64 64 64 64-28.608 64-64-28.672-64-64-64zM704 576c-35.392 0-64 28.608-64 64s28.608 64 64 64 64-28.608 64-64-28.608-64-64-64z"
				],
				"grid": 16,
				"tags": [
					"calendar"
				]
			},
			"properties": {
				"order": 50,
				"id": 5,
				"prevSize": 16,
				"code": 58933,
				"name": "calendar",
				"ligatures": ""
			},
			"setIdx": 0,
			"iconIdx": 53
		},
		{
			"icon": {
				"paths": [
					"M918.272 432.96c-17.344-2.56-35.968-18.304-41.344-35.008l-26.112-63.232c-8.128-15.552-6.272-39.872 4.352-53.952l42.112-56.192c10.624-14.080 9.728-36.352-1.984-49.536l-46.272-46.4c-13.12-11.712-35.52-12.544-49.6-1.984l-56.128 42.24c-14.144 10.496-38.4 12.48-54.016 4.288l-63.168-26.048c-16.832-5.312-32.64-24-35.008-41.472l-9.984-69.504c-2.496-17.408-18.816-33.152-36.352-34.944 0 0-10.816-1.216-32.768-1.216s-32.768 1.216-32.768 1.216c-17.536 1.792-33.92 17.536-36.352 34.944l-9.984 69.504c-2.432 17.472-18.176 36.16-35.008 41.472l-63.168 26.048c-15.552 8.192-39.808 6.208-53.888-4.288l-56.256-42.24c-14.016-10.624-36.416-9.728-49.6 1.984l-46.208 46.272c-11.648 13.184-12.544 35.52-1.984 49.6l42.176 56.192c10.56 14.080 12.48 38.4 4.288 53.952l-26.048 63.296c-5.376 16.704-24 32.448-41.408 35.008l-69.504 9.792c-17.472 2.56-33.216 18.88-35.008 36.416 0 0-1.152 10.88-1.152 32.832 0 21.952 1.152 32.896 1.152 32.896 1.856 17.472 17.6 33.792 35.008 36.288l69.504 9.856c17.408 2.496 36.032 18.304 41.408 35.008l26.112 63.232c8.192 15.616 6.272 39.808-4.288 53.888l-42.176 56.256c-10.56 14.144-13.12 33.28-5.632 42.496 7.424 9.216 28.864 32.064 28.928 32.064 0 0.128 7.232 6.72 16 14.656 8.768 8.064 44.48 19.2 58.56 8.64l56.256-42.112c14.080-10.624 38.336-12.544 53.888-4.352l63.040 25.984c16.832 5.44 32.576 24 35.008 41.472l9.984 69.504c2.432 17.344 18.816 33.28 36.288 35.072 0 0 10.88 1.152 32.832 1.152s32.768-1.152 32.768-1.152c17.472-1.792 33.856-17.664 36.352-35.072l9.984-69.504c2.368-17.472 18.112-36.032 35.008-41.472l63.104-25.984c15.616-8.192 39.872-6.272 54.016 4.224l56.256 42.24c14.144 10.56 36.352 9.664 49.6-1.92l46.272-46.336c11.648-13.184 12.48-35.52 1.856-49.6l-42.112-56.256c-10.624-14.080-12.48-38.272-4.352-53.888l26.112-63.232c5.376-16.768 24-32.512 41.344-35.008l69.504-9.856c17.344-2.496 33.152-18.816 35.008-36.288 0 0 1.152-10.88 1.152-32.896 0-21.952-1.152-32.832-1.152-32.832-1.856-17.536-17.6-33.856-35.008-36.416l-69.44-9.792zM512 640c-70.656 0-128-57.344-128-128 0-70.72 57.344-128 128-128 70.592 0 128 57.344 128 128 0 70.656-57.344 128-128 128z"
				],
				"grid": 16,
				"tags": [
					"gear"
				]
			},
			"properties": {
				"order": 51,
				"id": 20,
				"prevSize": 16,
				"code": 58934,
				"name": "gear",
				"ligatures": ""
			},
			"setIdx": 0,
			"iconIdx": 54
		},
		{
			"icon": {
				"paths": [
					"M768 262.976v0h128c35.392 0 64 28.672 64 64v640c0 35.392-28.608 64-64 64h-672c-88.384 0-160-71.616-160-160v-703.936c0-88.384 71.616-160.064 160-160.064h672c35.392 0 64 28.672 64 64 0 35.392-28.608 64.064-64 64.064h-640c-35.328 0-64 28.608-64 64s28.672 64 64 64h128v256l64-64 64 64v-256h256z"
				],
				"grid": 16,
				"tags": [
					"bookmark"
				]
			},
			"properties": {
				"order": 52,
				"id": 3,
				"prevSize": 16,
				"code": 58935,
				"name": "bookmark",
				"ligatures": ""
			},
			"setIdx": 0,
			"iconIdx": 55
		},
		{
			"icon": {
				"paths": [
					"M0 896v-192h128v192.128h640v-768.128h-640v192h-128v-192c0-70.656 57.344-128 128-128h640c70.72 0 128 57.344 128 128v768c0 70.72-57.28 128-128 128h-640c-70.656 0-128-57.28-128-128zM264.768 272c23.232-22.272 60.864-22.272 84.096 0l209.408 196.8c6.528 6.208 10.496 13.568 13.504 21.184 0.064 0.128 0.064 0.192 0.128 0.32 2.24 5.824 3.456 11.84 3.648 17.984 0.256 2.24 0.448 4.416 0.256 6.72-0.128 2.688-1.024 5.248-1.664 7.936-2.176 11.264-6.656 22.208-15.872 30.976l-209.408 196.8c-23.232 22.272-60.864 22.272-84.096 0-23.168-22.272-23.168-58.24 0-80.512l119.232-94.208h-320c-34.112 0-64-32.064-64-64.64 0-32.512 29.888-63.36 64-63.36h320l-119.232-95.552c-23.232-22.144-23.232-58.304 0-80.448z"
				],
				"grid": 16,
				"tags": [
					"exit"
				]
			},
			"properties": {
				"order": 53,
				"id": 16,
				"prevSize": 16,
				"code": 58936,
				"name": "exit",
				"ligatures": ""
			},
			"setIdx": 0,
			"iconIdx": 56
		},
		{
			"icon": {
				"paths": [
					"M928 256h-64v640c0 0-1.984 128-128 128 0 0-318.016 0-448 0s-128-128-128-128v-640h-64c-35.328 0-64-28.672-64-64s28.672-64 64-64h320v-32c0-53.056 42.944-96 96-96 52.992 0 96 42.944 96 96v32h320c35.392 0 64 28.608 64 64s-28.608 64-64 64zM736 256h-448v640h448v-640zM416 320c35.328 0 64 28.672 64 64v384c0 35.392-28.672 64-64 64s-64-28.608-64-64v-384c0-35.328 28.672-64 64-64zM608 320c35.392 0 64 28.672 64 64v384c0 35.392-28.608 64-64 64s-64-28.608-64-64v-384c0-35.328 28.608-64 64-64z"
				],
				"grid": 16,
				"tags": [
					"trash"
				]
			},
			"properties": {
				"order": 54,
				"id": 44,
				"prevSize": 16,
				"code": 58937,
				"name": "trash",
				"ligatures": ""
			},
			"setIdx": 0,
			"iconIdx": 57
		},
		{
			"icon": {
				"paths": [
					"M896 192c0 0-278.016-0.064-320-0.064s-89.984-127.936-128-127.936-320 0-320 0c-70.656 0-128 57.28-128 128v640.064c0 126.656 128 128 128 128h768c70.656 0 128-57.344 128-128v-512c0-70.72-57.344-128.064-128-128.064zM896.064 832.064h-768.064v-640.064c0 0 214.016 0 254.016 0s89.984 128 128 128c40 0 386.048 0 386.048 0v512.064z"
				],
				"grid": 16,
				"tags": [
					"folder"
				]
			},
			"properties": {
				"order": 55,
				"id": 19,
				"prevSize": 16,
				"code": 58938,
				"name": "folder",
				"ligatures": ""
			},
			"setIdx": 0,
			"iconIdx": 58
		},
		{
			"icon": {
				"paths": [
					"M895.424-0.064h-767.872c-127.296 0-127.552 128.064-127.552 128.064v511.936c0 0 0.704 128.064 128 128.064h256c0 0 53.568 1.472 73.344 23.936l289.344 226.496c4.736 3.776 7.616 5.632 10.432 5.632 8 0 10.368-5.504 10.368-14.592v-214.336c0-15.104 9.984-27.2 23.424-27.2h105.088c125.312 0 128-128.064 128-128.064v-511.872c0 0-1.28-128.064-128.576-128.064zM896 639.936h-256v128l-164.608-128h-347.392v-511.936h768v511.936z"
				],
				"grid": 16,
				"tags": [
					"bubble"
				]
			},
			"properties": {
				"order": 56,
				"id": 4,
				"prevSize": 16,
				"code": 58939,
				"name": "bubble",
				"ligatures": ""
			},
			"setIdx": 0,
			"iconIdx": 59
		},
		{
			"icon": {
				"paths": [
					"M0 383.552v-107.712c0-45.952 38.208-83.136 85.312-83.136h107.392v-90.432c0-21.056 21.568-102.208 48.192-102.208h96.384c26.624 0 48.192 81.152 48.192 102.208v90.432h319.232v-90.432c0-21.056 21.632-102.208 48.192-102.208h96.384c26.624 0 48.192 81.152 48.192 102.208v90.432h41.28c47.168 0 85.376 37.184 85.376 83.136v107.776h-1024.128zM1024.064 448.64v492.224c0 45.952-38.208 83.2-85.376 83.2h-853.376c-47.104 0-85.312-37.248-85.312-83.2v-492.224h1024.064z"
				],
				"grid": 16,
				"tags": [
					"calendar-solid"
				]
			},
			"properties": {
				"order": 57,
				"id": 6,
				"prevSize": 16,
				"code": 58941,
				"name": "calendar-solid",
				"ligatures": ""
			},
			"setIdx": 0,
			"iconIdx": 61
		},
		{
			"icon": {
				"paths": [
					"M32 512.064c288-32.064 448-192.064 480-480.064 32.064 288 192.064 448 480.128 480.064-288.064 32-448.064 192-480.128 480-32-288-192-448-480-480z"
				],
				"grid": 16,
				"tags": [
					"star"
				]
			},
			"properties": {
				"order": 58,
				"id": 45,
				"prevSize": 16,
				"code": 58942,
				"name": "star",
				"ligatures": ""
			},
			"setIdx": 0,
			"iconIdx": 62
		},
		{
			"icon": {
				"paths": [
					"M1024 512l-380.8 128-10.304 384-245.696-304.96-387.2 109.376 228.992-316.416-228.992-316.416 387.2 109.312 245.696-304.896 10.304 384 380.8 128z"
				],
				"grid": 16,
				"tags": [
					"star-2"
				]
			},
			"properties": {
				"order": 59,
				"id": 41,
				"prevSize": 16,
				"code": 58943,
				"name": "star-2",
				"ligatures": ""
			},
			"setIdx": 0,
			"iconIdx": 63
		},
		{
			"icon": {
				"paths": [
					"M768 736.448c35.392 0 64-28.672 64-64.064s-28.608-64.064-64-64.064-64 28.672-64 64.064 28.608 64.064 64 64.064zM938.752 96h-853.376c-47.168 0-85.376 38.208-85.376 85.376v661.184c0 47.168 38.208 85.44 85.376 85.44h853.376c47.104 0 85.312-38.272 85.312-85.44v-661.184c0-47.168-38.208-85.376-85.312-85.376zM896.064 799.808h-768.064v-255.552h768.064v255.552zM896.064 352.128h-768.064v-128.064h768.064v128.064z"
				],
				"grid": 16,
				"tags": [
					"credit-card"
				]
			},
			"properties": {
				"order": 60,
				"id": 12,
				"prevSize": 16,
				"code": 58944,
				"name": "credit-card",
				"ligatures": ""
			},
			"setIdx": 0,
			"iconIdx": 64
		},
		{
			"icon": {
				"paths": [
					"M939.712 84.288c-112.448-112.448-294.784-112.448-407.296 0.064l-448 448c-112.512 112.512-112.512 294.848-0.064 407.296s294.784 112.512 407.296 0l94.848-92.16c-51.008-1.152-97.536-17.728-136.96-44.672l-48.448 46.4c-62.528 62.528-163.84 62.528-226.304 0-62.464-62.464-62.464-163.84 0.064-226.304l448-448c62.528-62.528 163.84-62.528 226.24 0 62.528 62.528 62.592 163.776 0.064 226.24l-223.232 224.768c-18.752 18.752-49.152 18.752-67.904 0s-18.752-49.152 0-67.904l168.576-170.176c12.48-12.48 12.544-32.768 0-45.248l-45.248-45.248c-12.48-12.48-32.768-12.48-45.248 0l-168.576 170.176c-68.736 68.736-68.736 180.16 0 248.896 68.736 68.736 180.16 68.736 248.896 0l223.232-224.832c112.448-112.448 112.448-294.848 0.064-407.296z"
				],
				"grid": 16,
				"tags": [
					"clip"
				]
			},
			"properties": {
				"order": 61,
				"id": 10,
				"prevSize": 16,
				"code": 58945,
				"name": "clip",
				"ligatures": ""
			},
			"setIdx": 0,
			"iconIdx": 65
		},
		{
			"icon": {
				"paths": [
					"M939.648 84.352c-54.464-54.4-126.784-84.352-203.648-84.352-76.928 0-149.248 29.952-203.648 84.352 0 0-181.696 181.632-192.128 191.936-54.208 54.336-84.096 126.72-84.224 204.096 0.128 76.8 30.080 148.992 84.352 203.264l23.36 23.424c6.272 6.272 14.528 9.344 22.656 9.344 8.192 0 16.384-3.136 22.656-9.344l45.248-45.248c12.48-12.48 12.48-32.768 0-45.248l-23.424-23.424c-61.376-61.376-62.208-162.048-1.792-224.512 1.856-1.856 193.856-193.792 193.856-193.792 30.208-30.208 70.336-46.848 113.088-46.848s82.88 16.64 113.152 46.784v0.064c62.528 62.592 62.528 163.776 0 226.24l-9.856 9.856c15.424 41.6 24.64 86.208 24.704 133.056 0 8.512-1.216 16.704-1.664 25.024l77.312-77.376c112.448-112.512 112.384-294.912 0-407.296zM660.16 316.864c-6.208-6.272-14.464-9.344-22.592-9.344-8.256 0-16.448 3.136-22.656 9.344l-45.248 45.248c-12.544 12.48-12.544 32.768 0 45.248l23.36 23.424c61.376 61.376 62.272 162.048 1.856 224.512-1.856 1.856-193.856 193.792-193.856 193.792-30.144 30.272-70.272 46.912-113.088 46.912-42.688 0-82.816-16.64-113.088-46.784v-0.064c-62.528-62.592-62.528-163.776-0.064-226.24l9.92-9.856c-15.488-41.6-24.704-86.208-24.704-133.056 0-8.512 1.152-16.704 1.664-25.024l-77.312 77.376c-112.512 112.512-112.448 294.848 0 407.232 54.464 54.464 126.784 84.416 203.648 84.416s149.184-29.952 203.648-84.352c0 0 181.696-181.632 192.128-191.936 54.208-54.336 84.096-126.72 84.224-204.096-0.128-76.8-30.144-148.992-84.352-203.264l-23.488-23.488z"
				],
				"grid": 16,
				"tags": [
					"link"
				]
			},
			"properties": {
				"order": 62,
				"id": 25,
				"prevSize": 16,
				"code": 58946,
				"name": "link",
				"ligatures": ""
			},
			"setIdx": 0,
			"iconIdx": 66
		},
		{
			"icon": {
				"paths": [
					"M1012.736 475.84l-241.216-352c-11.968-17.408-31.68-27.84-52.8-27.84h-654.72c-35.392 0-64 28.672-64 64v704c0 35.328 28.608 64 64 64h654.72c21.12 0 40.896-10.368 52.8-27.84l241.216-352c15.040-21.76 15.040-50.56 0-72.32zM736 608c-52.992 0-96-43.008-96-96s43.008-96 96-96 96 43.008 96 96-43.008 96-96 96z"
				],
				"grid": 16,
				"tags": [
					"tag"
				]
			},
			"properties": {
				"order": 63,
				"id": 42,
				"prevSize": 16,
				"code": 58947,
				"name": "tag",
				"ligatures": ""
			},
			"setIdx": 0,
			"iconIdx": 67
		},
		{
			"icon": {
				"paths": [
					"M842.752 0h-660.544c-47.552 0-86.208 38.144-86.208 64v853.376c0 68.416 38.656 106.624 86.208 106.624h660.544c47.040 0 85.248-38.208 85.248-85.312v-853.376c0-47.168-38.208-85.312-85.248-85.312zM544 832h-256c-35.392 0-64-28.608-64-64s28.608-64 64-64h256c35.392 0 64 28.608 64 64s-28.608 64-64 64zM736 576h-448c-35.392 0-64-28.608-64-64s28.608-64 64-64h448c35.392 0 64 28.608 64 64s-28.608 64-64 64zM736 320h-448c-35.392 0-64-28.608-64-64s28.608-64 64-64h448c35.392 0 64 28.608 64 64s-28.608 64-64 64z"
				],
				"grid": 16,
				"tags": [
					"document"
				]
			},
			"properties": {
				"order": 64,
				"id": 15,
				"prevSize": 16,
				"code": 58948,
				"name": "document",
				"ligatures": ""
			},
			"setIdx": 0,
			"iconIdx": 68
		},
		{
			"icon": {
				"paths": [
					"M938.752 928h-853.376c-47.168 0-85.376-37.248-85.376-83.264v-665.472c0-46.016 38.208-83.264 85.376-83.264h853.376c47.104 0 85.312 37.248 85.312 83.264v665.472c0 46.016-38.208 83.264-85.312 83.264zM896.064 224h-768.064v511.808c0 0 64-64.064 128-128.064 64-64.064 128 0 128 0l64 64c0 0 118.72-120.768 192-192.128 66.88-66.944 128 0 128 0l128 128.128 0.064-383.744zM320 480c-35.328 0-64-28.672-64-63.936 0-35.392 28.672-64.064 64-64.064s64 28.672 64 64.064c0 35.264-28.672 63.936-64 63.936z"
				],
				"grid": 16,
				"tags": [
					"image"
				]
			},
			"properties": {
				"order": 65,
				"id": 23,
				"prevSize": 16,
				"code": 58949,
				"name": "image",
				"ligatures": ""
			},
			"setIdx": 0,
			"iconIdx": 69
		},
		{
			"icon": {
				"paths": [
					"M928 1024h-832c-51.2 0-96-44.8-96-96v-832c0-51.2 44.8-96 96-96h825.6c57.6 0 102.4 44.8 102.4 96v825.6c0 57.6-44.8 102.4-96 102.4zM748.8 192c-121.6 0-172.8 83.2-172.8 166.4v89.6h-64v128h64v384h128v-384h128v-128h-128v-70.4c0-38.4 6.4-57.6 51.2-57.6h76.8v-121.6s-38.4-6.4-83.2-6.4z"
				],
				"grid": 16,
				"tags": [
					"facebook"
				]
			},
			"properties": {
				"order": 66,
				"id": 75,
				"prevSize": 16,
				"code": 58950,
				"name": "facebook",
				"ligatures": ""
			},
			"setIdx": 0,
			"iconIdx": 70
		},
		{
			"icon": {
				"paths": [
					"M1017.6 313.6c0-83.2-64-147.2-147.2-147.2-115.2-6.4-236.8-6.4-358.4-6.4-121.6 0-243.2 0-358.4 6.4-83.2 0-147.2 64-147.2 147.2-6.4 70.4-6.4 134.4-6.4 198.4s0 128 6.4 198.4c0 83.2 64 147.2 147.2 147.2 115.2 6.4 236.8 6.4 358.4 6.4 121.6 0 243.2 0 358.4-6.4 83.2 0 147.2-64 147.2-147.2 6.4-64 6.4-128 6.4-198.4 0-64 0-128-6.4-198.4zM384 736v-448l320 224-320 224z"
				],
				"grid": 16,
				"tags": [
					"youtube"
				]
			},
			"properties": {
				"order": 67,
				"id": 95,
				"prevSize": 16,
				"code": 58951,
				"name": "youtube",
				"ligatures": ""
			},
			"setIdx": 0,
			"iconIdx": 71
		},
		{
			"icon": {
				"paths": [
					"M876.8 64c-147.2-6.4-243.2 76.8-294.4 243.2 25.6-12.8 51.2-19.2 76.8-19.2 51.2 0 76.8 32 70.4 89.6 0 38.4-25.6 89.6-70.4 153.6-38.4 70.4-70.4 102.4-96 102.4-25.6 0-51.2-51.2-76.8-160-6.4-25.6-19.2-108.8-38.4-236.8-19.2-115.2-70.4-172.8-147.2-160-32 0-83.2 32-153.6 96-44.8 38.4-96 83.2-147.2 128l51.2 64c44.8-32 70.4-51.2 76.8-51.2 38.4 0 70.4 57.6 96 166.4 32 108.8 57.6 211.2 83.2 313.6 38.4 108.8 89.6 166.4 153.6 166.4 96 0 211.2-89.6 352-275.2 134.4-179.2 204.8-313.6 211.2-416 6.4-134.4-44.8-204.8-147.2-204.8z"
				],
				"grid": 16,
				"tags": [
					"vimeo"
				]
			},
			"properties": {
				"order": 68,
				"id": 90,
				"prevSize": 16,
				"code": 58952,
				"name": "vimeo",
				"ligatures": ""
			},
			"setIdx": 0,
			"iconIdx": 72
		},
		{
			"icon": {
				"paths": [
					"M1024 192c-38.4 19.2-76.8 25.6-121.6 32 44.8-25.6 76.8-64 89.6-115.2-38.4 25.6-83.2 38.4-134.4 51.2-38.4-38.4-96-64-153.6-64-108.8 0-204.8 96-204.8 211.2 0 19.2 0 32 6.4 44.8-172.8-6.4-332.8-89.6-435.2-217.6-19.2 32-25.6 64-25.6 102.4 0 70.4 38.4 134.4 96 172.8-32 0-64-12.8-96-25.6 0 102.4 70.4 185.6 166.4 204.8-19.2 12.8-38.4 12.8-57.6 12.8-12.8 0-25.6 0-38.4-6.4 25.6 83.2 102.4 147.2 198.4 147.2-70.4 57.6-160 89.6-262.4 89.6h-51.2c96 64 204.8 96 320 96 384 0 595.2-320 595.2-595.2v-25.6c44.8-32 83.2-70.4 108.8-115.2z"
				],
				"grid": 16,
				"tags": [
					"twitter"
				]
			},
			"properties": {
				"order": 69,
				"id": 89,
				"prevSize": 16,
				"code": 58953,
				"name": "twitter",
				"ligatures": ""
			},
			"setIdx": 0,
			"iconIdx": 73
		},
		{
			"icon": {
				"paths": [
					"M179.2 902.4c76.8-115.2 211.2-185.6 358.4-185.6 134.4 0 256 64 339.2 160 89.6-96 147.2-224 147.2-364.8 0-281.6-230.4-512-512-512s-512 230.4-512 512c0 153.6 70.4 294.4 179.2 390.4zM787.2 665.6c-6.4 19.2-19.2 19.2-38.4 12.8-70.4-32-147.2-51.2-224-51.2-83.2 0-160 19.2-230.4 51.2-6.4 6.4-25.6 6.4-32-19.2-6.4-12.8 6.4-25.6 12.8-32 76.8-38.4 160-57.6 249.6-57.6s172.8 19.2 243.2 51.2c12.8 12.8 25.6 25.6 19.2 44.8zM832 537.6c-6.4 6.4-12.8 12.8-25.6 12.8h-6.4c-83.2-38.4-179.2-64-275.2-64s-185.6 19.2-268.8 57.6h-6.4c-12.8 0-19.2-6.4-25.6-12.8l-6.4-12.8c0-6.4 6.4-19.2 12.8-19.2 89.6-38.4 192-64 300.8-64 108.8 0 211.2 25.6 300.8 64v38.4zM185.6 326.4c102.4-44.8 217.6-64 339.2-64 115.2 0 230.4 25.6 332.8 64 12.8 6.4 25.6 19.2 25.6 38.4 0 25.6-19.2 44.8-44.8 44.8h-6.4c-96-38.4-198.4-57.6-307.2-57.6s-211.2 19.2-307.2 51.2h-6.4c-25.6 0-44.8-19.2-44.8-44.8 0-6.4 6.4-25.6 19.2-32zM537.6 883.2c-89.6 0-166.4 44.8-211.2 108.8 57.6 19.2 121.6 32 185.6 32 83.2 0 160-19.2 224-51.2-44.8-57.6-115.2-89.6-198.4-89.6z"
				],
				"grid": 16,
				"tags": [
					"spotify"
				]
			},
			"properties": {
				"order": 70,
				"id": 87,
				"prevSize": 16,
				"code": 58954,
				"name": "spotify",
				"ligatures": ""
			},
			"setIdx": 0,
			"iconIdx": 74
		},
		{
			"icon": {
				"paths": [
					"M512 0c-281.6 0-512 230.4-512 512 0 211.2 128 390.4 307.2 467.2 0-38.4 0-76.8 6.4-115.2 12.8-38.4 64-281.6 64-281.6s-12.8-32-12.8-76.8c0-76.8 44.8-134.4 96-134.4s70.4 32 70.4 76.8-32 115.2-44.8 179.2c-12.8 57.6 25.6 96 83.2 96 96 0 160-121.6 160-275.2 0-115.2-76.8-198.4-211.2-198.4-153.6 0-249.6 115.2-249.6 243.2 0 44.8 12.8 76.8 32 102.4 6.4 12.8 12.8 12.8 6.4 25.6 0 6.4-6.4 32-12.8 38.4-6.4 12.8-12.8 19.2-25.6 12.8-70.4-32-102.4-108.8-102.4-198.4 0-147.2 121.6-320 364.8-320 198.4 0 326.4 140.8 326.4 294.4 0 198.4-108.8 352-275.2 352-57.6 0-108.8-32-128-64 0 0-32 115.2-38.4 140.8-12.8 38.4-32 76.8-51.2 108.8 51.2 32 96 38.4 147.2 38.4 281.6 0 512-230.4 512-512s-230.4-512-512-512z"
				],
				"grid": 16,
				"tags": [
					"pinterest"
				]
			},
			"properties": {
				"order": 71,
				"id": 85,
				"prevSize": 16,
				"code": 58956,
				"name": "pinterest",
				"ligatures": ""
			},
			"setIdx": 0,
			"iconIdx": 76
		},
		{
			"icon": {
				"paths": [
					"M256 44.8c-134.4 51.2-224 147.2-249.6 288-12.8 83.2-6.4 172.8 32 249.6 6.4 19.2 19.2 32 32 51.2l19.2 19.2c12.8-6.4 25.6-6.4 32-12.8 44.8-25.6 76.8-64 115.2-96-128-153.6 6.4-332.8 172.8-377.6 160-38.4 371.2 25.6 416 192 19.2 64 6.4 140.8-44.8 192-25.6 25.6-64 44.8-102.4 51.2-25.6 6.4-44.8 6.4-70.4 0-12.8-6.4-25.6-6.4-38.4-6.4-19.2-6.4-38.4-6.4-38.4-25.6v-268.8c0-19.2 0-12.8-12.8-19.2-12.8 0-25.6 0-38.4-6.4-38.4 0-83.2 0-121.6 6.4-12.8 0-19.2 0-19.2 19.2v140.8l6.4 294.4c0 32 0 102.4-32 115.2-38.4 19.2-70.4-19.2-108.8-25.6 6.4 51.2-25.6 147.2 32 172.8 51.2 25.6 115.2 32 172.8 12.8 115.2-38.4 153.6-172.8 140.8-275.2 179.2 51.2 377.6-38.4 454.4-198.4 57.6-115.2 32-262.4-51.2-358.4-166.4-185.6-480-224-697.6-134.4z"
				],
				"grid": 16,
				"tags": [
					"path"
				]
			},
			"properties": {
				"order": 72,
				"id": 83,
				"prevSize": 16,
				"code": 58957,
				"name": "path",
				"ligatures": ""
			},
			"setIdx": 0,
			"iconIdx": 77
		},
		{
			"icon": {
				"paths": [
					"M928 1024h-832c-51.2 0-96-44.8-96-96v-832c0-51.2 44.8-96 96-96h825.6c57.6 0 102.4 44.8 102.4 96v825.6c0 57.6-44.8 102.4-96 102.4zM262.4 192c-44.8 0-76.8 32-76.8 76.8 0 38.4 25.6 76.8 70.4 76.8 44.8 0 70.4-32 70.4-76.8 6.4-44.8-19.2-76.8-64-76.8zM339.2 390.4h-147.2v441.6h147.2v-441.6zM876.8 582.4c0-134.4-64-204.8-160-204.8-76.8 0-108.8 44.8-128 70.4v-64h-153.6v441.6h147.2v-236.8c0-12.8 0-25.6 6.4-32 12.8-25.6 32-51.2 76.8-51.2 51.2 0 70.4 38.4 70.4 96v230.4h147.2v-249.6z"
				],
				"grid": 16,
				"tags": [
					"linkedin"
				]
			},
			"properties": {
				"order": 73,
				"id": 82,
				"prevSize": 16,
				"code": 58958,
				"name": "linkedin",
				"ligatures": ""
			},
			"setIdx": 0,
			"iconIdx": 78
		},
		{
			"icon": {
				"paths": [
					"M0 870.4v0zM236.8 563.2c89.6 0 153.6-96 140.8-211.2-19.2-121.6-108.8-217.6-198.4-217.6-89.6-6.4-153.6 89.6-140.8 211.2 19.2 115.2 108.8 217.6 198.4 217.6zM1024 256v-83.2c0-96-76.8-172.8-166.4-172.8h-684.8c-96 0-172.8 76.8-172.8 166.4 57.6-51.2 140.8-96 224-96h358.4l-83.2 70.4h-108.8c70.4 25.6 115.2 115.2 115.2 204.8 0 76.8-44.8 140.8-102.4 185.6-57.6 44.8-70.4 64-70.4 102.4 0 32 64 89.6 96 108.8 96 64 128 128 128 230.4 0 19.2 0 32-6.4 51.2h307.2c96 0 172.8-76.8 172.8-172.8v-531.2h-192v192h-64v-192h-198.4v-64h192v-192h64v192h192zM185.6 768h64c-25.6-25.6-51.2-57.6-51.2-96 0-25.6 6.4-44.8 19.2-64h-32c-76.8-6.4-140.8-32-185.6-70.4v275.2c51.2-32 115.2-44.8 185.6-44.8zM6.4 889.6v-19.2c-6.4 6.4-6.4 12.8 0 19.2zM454.4 953.6c-12.8-57.6-70.4-89.6-140.8-140.8-25.6-6.4-57.6-12.8-89.6-12.8-89.6 0-172.8 32-217.6 89.6 12.8 76.8 83.2 134.4 166.4 134.4h288v-32c0-12.8 0-25.6-6.4-38.4z"
				],
				"grid": 16,
				"tags": [
					"google-plus"
				]
			},
			"properties": {
				"order": 74,
				"id": 78,
				"prevSize": 16,
				"code": 58959,
				"name": "google-plus",
				"ligatures": ""
			},
			"setIdx": 0,
			"iconIdx": 79
		},
		{
			"icon": {
				"paths": [
					"M512 0c-281.6 0-512 230.4-512 512s230.4 512 512 512 512-230.4 512-512-230.4-512-512-512zM825.6 262.4c51.2 64 83.2 140.8 83.2 230.4-57.6-12.8-115.2-19.2-166.4-19.2-38.4 0-76.8 6.4-115.2 12.8l-25.6-64c83.2-32 160-83.2 224-160zM512 115.2c96 0 179.2 32 249.6 89.6-51.2 64-121.6 108.8-198.4 140.8-51.2-108.8-102.4-179.2-134.4-224 25.6-6.4 51.2-6.4 83.2-6.4zM332.8 153.6c32 32 83.2 102.4 147.2 217.6-121.6 38.4-243.2 44.8-320 44.8h-38.4c32-115.2 108.8-211.2 211.2-262.4zM115.2 512c12.8-6.4 25.6-6.4 44.8-6.4 83.2 0 217.6-6.4 364.8-51.2 6.4 19.2 12.8 32 25.6 51.2-102.4 32-179.2 83.2-230.4 134.4-51.2 51.2-89.6 96-108.8 128-64-70.4-96-160-96-256zM512 908.8c-89.6 0-172.8-32-236.8-76.8 12.8-25.6 44.8-70.4 89.6-115.2 51.2-44.8 115.2-96 204.8-128 32 83.2 57.6 185.6 76.8 294.4-38.4 19.2-83.2 25.6-134.4 25.6zM736 838.4c-19.2-102.4-44.8-185.6-76.8-268.8 25.6-6.4 51.2-6.4 83.2-6.4 44.8 0 102.4 6.4 153.6 19.2-12.8 108.8-70.4 198.4-160 256z"
				],
				"grid": 16,
				"tags": [
					"dribbble"
				]
			},
			"properties": {
				"order": 75,
				"id": 73,
				"prevSize": 16,
				"code": 58960,
				"name": "dribbble",
				"ligatures": ""
			},
			"setIdx": 0,
			"iconIdx": 80
		},
		{
			"icon": {
				"paths": [
					"M921.6 281.6h-256v-64h256v64zM499.2 544c12.8 25.6 25.6 57.6 25.6 96s-6.4 70.4-25.6 102.4l-51.2 51.2c-19.2 12.8-44.8 25.6-70.4 32s-57.6 6.4-89.6 6.4h-288v-640h307.2c76.8 0 134.4 25.6 166.4 70.4 19.2 25.6 25.6 57.6 25.6 96s-12.8 70.4-32 96c-6.4 12.8-19.2 25.6-44.8 32 32 12.8 57.6 32 76.8 57.6zM147.2 441.6h134.4c25.6 0 51.2-6.4 70.4-12.8 19.2-12.8 25.6-32 25.6-57.6 0-32-12.8-51.2-32-57.6-25.6-6.4-51.2-12.8-83.2-12.8h-115.2v140.8zM390.4 627.2c0-32-12.8-57.6-38.4-70.4-12.8-6.4-38.4-12.8-64-12.8h-140.8v172.8h134.4c25.6 0 51.2-6.4 64-12.8 25.6-6.4 44.8-32 44.8-76.8zM1017.6 524.8c6.4 19.2 6.4 51.2 6.4 89.6h-332.8c0 44.8 19.2 76.8 44.8 96 19.2 12.8 38.4 19.2 64 19.2s51.2-6.4 64-19.2c19.2-6.4 25.6-19.2 32-32h121.6c0 25.6-19.2 57.6-44.8 83.2-38.4 44.8-96 64-172.8 64-57.6 0-115.2-19.2-160-57.6-44.8-32-70.4-96-70.4-179.2 0-76.8 19.2-140.8 64-185.6 44.8-44.8 96-64 166.4-64 38.4 0 76.8 6.4 108.8 19.2 32 12.8 57.6 38.4 76.8 70.4 19.2 32 25.6 64 32 96zM902.4 537.6c0-32-12.8-57.6-32-70.4-19.2-19.2-44.8-25.6-70.4-25.6-32 0-51.2 6.4-70.4 25.6-19.2 19.2-25.6 38.4-32 70.4h204.8z"
				],
				"grid": 16,
				"tags": [
					"behance"
				]
			},
			"properties": {
				"order": 76,
				"id": 72,
				"prevSize": 16,
				"code": 58961,
				"name": "behance",
				"ligatures": ""
			},
			"setIdx": 0,
			"iconIdx": 81
		},
		{
			"icon": {
				"paths": [
					"M565.888 412.672l69.824 33.728 105.408-33.728v-61.184c0-126.080-102.784-228.608-229.12-228.608s-229.056 102.592-229.056 228.608v321.024c0 29.632-24.192 53.696-53.824 53.696s-53.824-24.064-53.824-53.696v-134.4h-175.296v134.4c0 126.080 102.72 228.608 229.12 228.608 126.336 0 229.12-102.592 229.12-228.608v-321.024c0-29.568 24.192-53.696 53.824-53.696 29.696 0 53.888 24.128 53.888 53.696l-0.064 61.184zM848.704 538.112v134.4c0 29.632-24.128 53.696-53.824 53.696-29.696 0-53.888-24.064-53.888-53.696v-137.088l-105.344 33.728-69.824-33.728v137.088c0 126.080 102.784 228.608 229.12 228.608s229.056-102.592 229.056-228.608v-134.4h-175.296z"
				],
				"grid": 16,
				"tags": [
					"stumbleupon"
				]
			},
			"properties": {
				"order": 77,
				"id": 98,
				"prevSize": 16,
				"code": 58962,
				"name": "stumbleupon",
				"ligatures": ""
			},
			"setIdx": 0,
			"iconIdx": 82
		},
		{
			"icon": {
				"paths": [
					"M608 652.8c-19.2 19.2 0 51.2 0 51.2l128 217.6s19.2 25.6 38.4 25.6 38.4-12.8 38.4-12.8l102.4-147.2s12.8-19.2 12.8-32c0-25.6-32-32-32-32l-243.2-76.8c-6.4 0-25.6-6.4-44.8 6.4zM595.2 544c12.8 19.2 44.8 12.8 44.8 12.8l243.2-70.4s32-12.8 38.4-32c6.4-19.2-6.4-38.4-6.4-38.4l-108.8-134.4s-12.8-19.2-32-19.2c-25.6 0-38.4 25.6-38.4 25.6l-140.8 217.6s-6.4 19.2 0 38.4zM480 460.8c32-6.4 38.4-51.2 38.4-51.2v-345.6c-6.4 0-6.4-38.4-25.6-51.2-32-19.2-44.8-6.4-51.2-6.4l-198.4 70.4s-19.2 6.4-32 25.6c-12.8 25.6 12.8 57.6 12.8 57.6l211.2 288s19.2 19.2 44.8 12.8zM435.2 601.6c0-25.6-32-44.8-32-44.8l-217.6-108.8s-32-12.8-44.8-6.4c-19.2 12.8-25.6 25.6-32 32l-12.8 172.8s0 32 6.4 44.8c12.8 19.2 44.8 6.4 44.8 6.4l256-57.6c12.8 0 25.6-6.4 32-38.4zM492.8 697.6c-19.2-12.8-44.8 6.4-44.8 6.4l-172.8 185.6s-19.2 25.6-12.8 44.8c6.4 19.2 12.8 25.6 25.6 32l172.8 51.2s19.2 6.4 38.4 0c19.2 0 12.8-32 12.8-32l6.4-256s0-25.6-25.6-32z"
				],
				"grid": 16,
				"tags": [
					"yelp"
				]
			},
			"properties": {
				"order": 78,
				"id": 94,
				"prevSize": 16,
				"code": 58963,
				"name": "yelp",
				"ligatures": ""
			},
			"setIdx": 0,
			"iconIdx": 83
		},
		{
			"icon": {
				"paths": [
					"M518.4 544l115.2 313.6v6.4c-38.4 12.8-83.2 19.2-128 19.2-38.4 0-76.8-6.4-108.8-12.8l121.6-326.4zM896 512c0 140.8-76.8 256-192 326.4l115.2-332.8c19.2-51.2 32-96 32-134.4v-38.4c32 51.2 44.8 115.2 44.8 179.2zM128 512c0-51.2 12.8-108.8 32-153.6l185.6 486.4c-128-57.6-217.6-185.6-217.6-332.8zM192 307.2c70.4-102.4 185.6-166.4 320-166.4 102.4 0 192 38.4 262.4 96h-6.4c-38.4 0-64 32-64 64s19.2 57.6 38.4 89.6c12.8 25.6 32 57.6 32 102.4 0 32-12.8 70.4-32 121.6l-38.4 128-140.8-403.2c25.6 0 44.8-6.4 44.8-6.4 19.2 0 19.2-32 0-32 0 0-64 6.4-102.4 6.4-38.4 0-102.4-6.4-102.4-6.4-19.2 0-25.6 32 0 32 0 0 19.2 0 38.4 6.4l57.6 160-83.2 243.2-140.8-403.2c25.6-6.4 44.8-6.4 44.8-6.4 19.2 0 19.2-32 0-32 0 0-64 6.4-102.4 6.4h-25.6zM851.2 0h-678.4c-96 0-172.8 76.8-172.8 172.8v678.4c0 96 76.8 172.8 172.8 172.8h678.4c96 0 172.8-76.8 172.8-172.8v-678.4c0-96-76.8-172.8-172.8-172.8zM960 512c0 249.6-198.4 448-448 448s-448-198.4-448-448 198.4-448 448-448 448 198.4 448 448z"
				],
				"grid": 16,
				"tags": [
					"wordpress"
				]
			},
			"properties": {
				"order": 79,
				"id": 93,
				"prevSize": 16,
				"code": 58964,
				"name": "wordpress",
				"ligatures": ""
			},
			"setIdx": 0,
			"iconIdx": 84
		},
		{
			"icon": {
				"paths": [
					"M409.6 897.506v-343.341h493.929v439.718l-493.929-96.376zM409.6 120.471l493.929-90.353v439.718h-493.929v-349.365zM331.294 469.835h-331.294v-271.059l331.294-60.235v331.294zM331.294 879.435l-331.294-66.259v-259.012h331.294v325.271z"
				],
				"width": 904,
				"grid": 16,
				"tags": [
					"windows-8"
				]
			},
			"properties": {
				"order": 80,
				"id": 92,
				"prevSize": 16,
				"code": 58965,
				"name": "windows-8",
				"ligatures": ""
			},
			"setIdx": 0,
			"iconIdx": 85
		},
		{
			"icon": {
				"paths": [
					"M64 192c19.2 128 128 659.2 377.6 812.8 38.4 25.6 83.2 19.2 115.2-6.4 121.6-102.4 243.2-275.2 275.2-358.4 64 6.4 108.8-12.8 108.8-12.8v-128h-115.2c-140.8 0-236.8-166.4-179.2-313.6 38.4-102.4 108.8-25.6 121.6 0 12.8 32 6.4 115.2-6.4 172.8 19.2 51.2 140.8 76.8 166.4 38.4 32-96 44.8-262.4-38.4-352-57.6-38.4-198.4-70.4-300.8-6.4s-102.4 204.8-96 275.2c6.4 70.4 32 217.6 172.8 300.8 12.8 12.8-153.6 230.4-160 217.6-185.6-179.2-249.6-544-262.4-640h-179.2z"
				],
				"grid": 16,
				"tags": [
					"vine"
				]
			},
			"properties": {
				"order": 81,
				"id": 91,
				"prevSize": 16,
				"code": 58966,
				"name": "vine",
				"ligatures": ""
			},
			"setIdx": 0,
			"iconIdx": 86
		},
		{
			"icon": {
				"paths": [
					"M576 448v236.8c0 57.6 0 96 6.4 108.8 6.4 19.2 19.2 32 38.4 44.8 25.6 12.8 51.2 19.2 76.8 19.2 51.2 0 83.2-6.4 134.4-38.4v153.6c-44.8 19.2-83.2 32-115.2 38.4-38.4 12.8-76.8 12.8-115.2 12.8-44.8 0-76.8-6.4-108.8-19.2-38.4-12.8-64-32-89.6-51.2-25.6-19.2-44.8-44.8-51.2-70.4-12.8-25.6-12.8-57.6-12.8-108.8v-352h-147.2v-147.2c38.4-12.8 83.2-32 115.2-57.6 25.6-25.6 51.2-51.2 70.4-89.6 19.2-32 32-76.8 38.4-128h160v256h256v192h-256z"
				],
				"grid": 16,
				"tags": [
					"tumblr"
				]
			},
			"properties": {
				"order": 82,
				"id": 88,
				"prevSize": 16,
				"code": 58967,
				"name": "tumblr",
				"ligatures": ""
			},
			"setIdx": 0,
			"iconIdx": 87
		},
		{
			"icon": {
				"paths": [
					"M646.4 723.2h-192l-64 300.8h-262.4l25.6-108.8h-153.6l198.4-915.2h448c134.4 0 288 96 236.8 313.6-38.4 192-192 300.8-371.2 300.8h-185.6l-64 300.8h-44.8l-12.8 44.8h134.4l64-300.8h243.2c76.8 0 147.2-25.6 198.4-64l32-25.6c51.2-51.2 83.2-115.2 102.4-192 12.8-76.8 6.4-140.8-32-185.6-19.2-19.2-38.4-38.4-64-51.2 96 38.4 166.4 134.4 134.4 288-38.4 179.2-192 294.4-371.2 294.4zM492.8 435.2c70.4 0 134.4-57.6 153.6-128 19.2-70.4-25.6-128-89.6-128h-128l-64 256h128z"
				],
				"grid": 16,
				"tags": [
					"paypal"
				]
			},
			"properties": {
				"order": 83,
				"id": 84,
				"prevSize": 16,
				"code": 58968,
				"name": "paypal",
				"ligatures": ""
			},
			"setIdx": 0,
			"iconIdx": 88
		},
		{
			"icon": {
				"paths": [
					"M780.8 800c-204.8 0-275.2-89.6-313.6-204.8l-38.4-121.6c-25.6-89.6-64-153.6-166.4-153.6-70.4 0-147.2 51.2-147.2 198.4 0 115.2 57.6 185.6 140.8 185.6 89.6 0 153.6-70.4 153.6-70.4l44.8 102.4s-64 64-198.4 64c-166.4 0-256-96-256-275.2 0-192 89.6-300.8 262.4-300.8 153.6 0 236.8 57.6 281.6 211.2l38.4 121.6c25.6 89.6 76.8 147.2 198.4 147.2 76.8 0 121.6-19.2 121.6-64 0-32-19.2-57.6-76.8-76.8l-76.8-19.2c-96-25.6-134.4-76.8-134.4-153.6 0-128 102.4-172.8 211.2-172.8 121.6 0 192 44.8 204.8 153.6l-115.2 12.8c-6.4-51.2-38.4-70.4-89.6-70.4s-83.2 25.6-83.2 64 12.8 57.6 64 70.4l76.8 19.2c89.6 25.6 140.8 70.4 140.8 166.4 0 121.6-96 166.4-243.2 166.4z"
				],
				"grid": 16,
				"tags": [
					"lastfm"
				]
			},
			"properties": {
				"order": 84,
				"id": 81,
				"prevSize": 16,
				"code": 58969,
				"name": "lastfm",
				"ligatures": ""
			},
			"setIdx": 0,
			"iconIdx": 89
		},
		{
			"icon": {
				"paths": [
					"M928 0h-832c-51.2 0-96 44.8-96 96v825.6c0 57.6 44.8 102.4 96 102.4h825.6c57.6 0 96-44.8 96-96v-832c6.4-51.2-38.4-96-89.6-96zM512 313.6c108.8 0 198.4 89.6 198.4 198.4s-89.6 198.4-198.4 198.4-198.4-89.6-198.4-198.4 89.6-198.4 198.4-198.4zM896 857.6c0 19.2-19.2 38.4-38.4 38.4h-691.2c-19.2 0-38.4-19.2-38.4-38.4v-409.6h89.6c-6.4 25.6-6.4 51.2-6.4 76.8 0 166.4 128 307.2 300.8 307.2s300.8-140.8 300.8-307.2c0-25.6-6.4-51.2-12.8-76.8h96v409.6zM896 281.6c0 19.2-19.2 38.4-38.4 38.4h-115.2c-19.2 0-38.4-19.2-38.4-38.4v-115.2c0-19.2 19.2-38.4 38.4-38.4h115.2c19.2 0 38.4 19.2 38.4 38.4v115.2z"
				],
				"grid": 16,
				"tags": [
					"instagram"
				]
			},
			"properties": {
				"order": 85,
				"id": 80,
				"prevSize": 16,
				"code": 58970,
				"name": "instagram",
				"ligatures": ""
			},
			"setIdx": 0,
			"iconIdx": 90
		},
		{
			"icon": {
				"paths": [
					"M896 768l-384-512-384 512h768z"
				],
				"grid": 16,
				"tags": [
					"triangle-up"
				]
			},
			"properties": {
				"order": 86,
				"id": 68,
				"prevSize": 16,
				"code": 58880,
				"name": "triangle-up",
				"ligatures": ""
			},
			"setIdx": 0,
			"iconIdx": 0
		},
		{
			"icon": {
				"paths": [
					"M512 0c-282.752 0-512 229.248-512 512 0 282.688 229.248 512 512 512 282.816 0 512-229.248 512-512 0-282.752-229.184-512-512-512zM576.768 764.864c0 37.056-28.992 67.072-64.768 67.072s-64.768-30.016-64.768-67.072v-313.088c0-37.056 28.992-67.072 64.768-67.072s64.768 30.016 64.768 67.072v313.088zM512 319.68c-35.776 0-64.768-28.608-64.768-63.872s28.992-63.744 64.768-63.744 64.768 28.544 64.768 63.808-28.992 63.808-64.768 63.808z"
				],
				"grid": 16,
				"tags": [
					"info-circle"
				]
			},
			"properties": {
				"order": 87,
				"id": 24,
				"prevSize": 16,
				"code": 58895,
				"name": "info-circle",
				"ligatures": ""
			},
			"setIdx": 0,
			"iconIdx": 15
		},
		{
			"icon": {
				"paths": [
					"M992 64h-768c-19.2 0-32 12.8-32 32v64c0 19.2 12.8 32 32 32h768c19.2 0 32-12.8 32-32v-64c0-19.2-12.8-32-32-32z",
					"M992 320h-768c-19.2 0-32 12.8-32 32v64c0 19.2 12.8 32 32 32h768c19.2 0 32-12.8 32-32v-64c0-19.2-12.8-32-32-32z",
					"M992 576h-768c-19.2 0-32 12.8-32 32v64c0 19.2 12.8 32 32 32h768c19.2 0 32-12.8 32-32v-64c0-19.2-12.8-32-32-32z",
					"M992 832h-768c-19.2 0-32 12.8-32 32v64c0 19.2 12.8 32 32 32h768c19.2 0 32-12.8 32-32v-64c0-19.2-12.8-32-32-32z",
					"M96 64h-64c-19.2 0-32 12.8-32 32v64c0 19.2 12.8 32 32 32h64c19.2 0 32-12.8 32-32v-64c0-19.2-12.8-32-32-32z",
					"M96 320h-64c-19.2 0-32 12.8-32 32v64c0 19.2 12.8 32 32 32h64c19.2 0 32-12.8 32-32v-64c0-19.2-12.8-32-32-32z",
					"M96 576h-64c-19.2 0-32 12.8-32 32v64c0 19.2 12.8 32 32 32h64c19.2 0 32-12.8 32-32v-64c0-19.2-12.8-32-32-32z",
					"M96 832h-64c-19.2 0-32 12.8-32 32v64c0 19.2 12.8 32 32 32h64c19.2 0 32-12.8 32-32v-64c0-19.2-12.8-32-32-32z"
				],
				"grid": 16,
				"tags": [
					"list-numbered"
				]
			},
			"properties": {
				"order": 88,
				"id": 58,
				"prevSize": 16,
				"code": 58910,
				"name": "list-numbered",
				"ligatures": ""
			},
			"setIdx": 0,
			"iconIdx": 30
		},
		{
			"icon": {
				"paths": [
					"M457.856 791.936l289.28 226.496c4.736 3.776 7.616 5.632 10.368 5.632 8 0 10.496-5.504 10.496-14.528v-214.4c0-15.104 9.984-27.136 23.36-27.136h105.152c127.488 0 127.36-61.44 127.36-61.44v-640.064c0 0 0-66.56-127.872-66.56h-767.936c-128 0-128 66.56-128 66.56v640.064c0 0-0.064 61.44 128.448 61.44h256c0 0 53.568 1.472 73.344 23.936z"
				],
				"grid": 16,
				"tags": [
					"chat"
				]
			},
			"properties": {
				"order": 89,
				"id": 7,
				"prevSize": 16,
				"code": 58925,
				"name": "chat",
				"ligatures": ""
			},
			"setIdx": 0,
			"iconIdx": 45
		},
		{
			"icon": {
				"paths": [
					"M896 896.128h-768v-768h320v-128l-358.976-0.064c-49.152 0-89.024 39.936-89.024 89.088v845.952c0 49.152 39.872 89.024 89.024 89.024h845.952c49.152 0 89.024-39.872 89.024-89.024v-358.976h-128v320zM1024 64c0-14.656-6.080-27.52-14.72-38.272-1.344-1.728-2.048-3.712-3.584-5.312-0.192-0.128-0.256-0.384-0.384-0.576-0.384-0.32-0.448-0.832-0.832-1.216-4.096-4.096-9.152-6.528-13.952-9.28-2.112-1.216-3.84-3.008-6.080-3.968-8.704-3.776-17.92-5.376-27.264-5.12-0.128 0-0.256-0.064-0.384-0.064h-313.024c-36.992-0.064-67.008 28.544-67.008 63.808 0 35.2 30.080 63.808 67.136 63.808h161.216l-402.56 403.328c-24.832 24.768-24.832 64.768 0 89.472 24.832 24.768 65.024 24.768 89.792 0l403.968-403.52v163.2c0 37.056 28.608 67.072 63.872 67.072 35.264 0 63.808-30.016 63.808-67.072v-313.024c0-0.64-0.32-1.152-0.32-1.728 0-0.512 0.32-1.024 0.32-1.536z"
				],
				"grid": 16,
				"tags": [
					"export"
				]
			},
			"properties": {
				"order": 90,
				"id": 17,
				"prevSize": 16,
				"code": 58940,
				"name": "export",
				"ligatures": ""
			},
			"setIdx": 0,
			"iconIdx": 60
		},
		{
			"icon": {
				"paths": [
					"M979.2 588.8c6.4-25.6 6.4-51.2 6.4-76.8 0-262.4-211.2-473.6-473.6-473.6-25.6 0-51.2 0-76.8 6.4-38.4-32-89.6-44.8-147.2-44.8-160 0-288 128-288 288 0 57.6 12.8 108.8 44.8 153.6-6.4 19.2-6.4 44.8-6.4 70.4 0 262.4 211.2 473.6 473.6 473.6 25.6 0 51.2 0 76.8-6.4 44.8 25.6 96 44.8 153.6 44.8 160 0 288-128 288-288-6.4-57.6-19.2-108.8-51.2-147.2zM736 729.6c-19.2 32-51.2 51.2-89.6 70.4-38.4 19.2-83.2 25.6-134.4 25.6-64 0-115.2-12.8-160-32-32-12.8-51.2-38.4-70.4-64-19.2-32-25.6-57.6-25.6-83.2 0-12.8 6.4-25.6 19.2-38.4 12.8-12.8 25.6-19.2 44.8-19.2 12.8 0 25.6 6.4 38.4 12.8 6.4 6.4 12.8 19.2 19.2 38.4 6.4 19.2 19.2 32 25.6 44.8 6.4 12.8 19.2 25.6 38.4 32 19.2 6.4 38.4 12.8 64 12.8 38.4 0 70.4-6.4 89.6-25.6 25.6-19.2 32-38.4 32-57.6 0-19.2-6.4-32-19.2-44.8-6.4-19.2-19.2-25.6-38.4-32-19.2-6.4-51.2-12.8-83.2-19.2-44.8-12.8-83.2-25.6-115.2-38.4-32-12.8-57.6-32-76.8-51.2-19.2-25.6-25.6-57.6-25.6-89.6 0-32 12.8-64 32-89.6 19.2-25.6 44.8-44.8 83.2-57.6 38.4-12.8 76.8-19.2 128-19.2 38.4 0 70.4 6.4 102.4 12.8 25.6 6.4 51.2 19.2 70.4 38.4 19.2 12.8 32 32 44.8 44.8s12.8 32 12.8 51.2c0 12.8-6.4 25.6-19.2 38.4-12.8 12.8-25.6 19.2-44.8 19.2-12.8 0-25.6-6.4-32-12.8-6.4-6.4-19.2-19.2-25.6-32-12.8-25.6-25.6-38.4-44.8-51.2-12.8-12.8-38.4-19.2-76.8-19.2-32 0-57.6 6.4-76.8 19.2-19.2 12.8-32 25.6-32 44.8 0 12.8 6.4 19.2 12.8 32l25.6 19.2c12.8 6.4 25.6 12.8 38.4 12.8 12.8 6.4 32 6.4 64 12.8 32 12.8 64 25.6 96 32 32 6.4 51.2 19.2 76.8 32 19.2 12.8 38.4 32 51.2 51.2 6.4 25.6 12.8 51.2 12.8 76.8 0 38.4-12.8 70.4-32 102.4z"
				],
				"grid": 16,
				"tags": [
					"skype"
				]
			},
			"properties": {
				"order": 91,
				"id": 86,
				"prevSize": 16,
				"code": 58955,
				"name": "skype",
				"ligatures": ""
			},
			"setIdx": 0,
			"iconIdx": 75
		},
		{
			"icon": {
				"paths": [
					"M64 0l64 896 384 128 384-128 64-896h-896zM780.8 300.8h-428.8l12.8 115.2h409.6l-32 352-230.4 64-230.4-64-12.8-179.2h115.2v89.6l128 32 128-32 12.8-147.2h-390.4l-32-345.6h563.2l-12.8 115.2z"
				],
				"grid": 16,
				"tags": [
					"html5"
				]
			},
			"properties": {
				"order": 92,
				"id": 79,
				"prevSize": 16,
				"code": 58971,
				"name": "html5",
				"ligatures": ""
			},
			"setIdx": 0,
			"iconIdx": 91
		},
		{
			"icon": {
				"paths": [
					"M0 524.8c0 44.8 6.4 89.6 12.8 128s19.2 70.4 38.4 96c12.8 25.6 32 51.2 57.6 70.4s51.2 38.4 76.8 51.2c25.6 12.8 57.6 25.6 96 32l108.8 19.2s76.8 6.4 121.6 6.4 83.2 0 121.6-6.4 70.4-6.4 108.8-19.2c38.4-6.4 70.4-19.2 96-32s51.2-32 76.8-51.2c25.6-19.2 44.8-44.8 57.6-70.4 12.8-25.6 25.6-57.6 38.4-96 12.8-38.4 12.8-83.2 12.8-128 0-83.2-25.6-153.6-83.2-217.6l6.4-25.6c0-12.8 6.4-25.6 6.4-44.8v-64l-19.2-76.8h-32c-12.8 0-25.6 6.4-44.8 6.4-19.2 6.4-38.4 12.8-64 25.6l-76.8 51.2c-51.2-12.8-121.6-19.2-204.8-19.2s-153.6 6.4-198.4 19.2c-32-19.2-57.6-32-83.2-44.8-25.6-12.8-44.8-19.2-64-25.6l-38.4-12.8h-38.4l-19.2 76.8c-6.4 25.6-6.4 44.8 0 64 0 19.2 6.4 32 6.4 44.8 0 12.8 6.4 19.2 6.4 25.6-57.6 64-83.2 134.4-83.2 217.6zM128 652.8c0-44.8 19.2-89.6 64-134.4 12.8-12.8 25.6-19.2 44.8-25.6 19.2-6.4 38.4-12.8 57.6-12.8h64c19.2 0 44.8 0 76.8 6.4h153.6c25.6 0 51.2-6.4 70.4-6.4h64c19.2 0 44.8 6.4 57.6 12.8 19.2 6.4 32 12.8 44.8 25.6 44.8 38.4 64 83.2 64 134.4 0 25.6-6.4 51.2-12.8 76.8l-25.6 57.6c-12.8 12.8-25.6 25.6-44.8 38.4-19.2 12.8-38.4 19.2-57.6 25.6-19.2 6.4-44.8 12.8-70.4 12.8-32 0-57.6 6.4-76.8 6.4-25.6-6.4-57.6-6.4-89.6-6.4h-89.6c-25.6 0-51.2 0-76.8-6.4-32 0-51.2-6.4-70.4-12.8-19.2-6.4-38.4-12.8-57.6-25.6-25.6-12.8-44.8-19.2-51.2-38.4-12.8-12.8-19.2-32-25.6-57.6-12.8-19.2-12.8-44.8-12.8-70.4zM640 640c0 51.2 25.6 96 64 96s64-44.8 64-96-25.6-96-64-96c-32 0-64 44.8-64 96zM256 640c0 51.2 32 96 64 96s64-44.8 64-96-25.6-96-64-96-64 44.8-64 96z"
				],
				"grid": 16,
				"tags": [
					"github"
				]
			},
			"properties": {
				"order": 93,
				"id": 77,
				"prevSize": 16,
				"code": 58972,
				"name": "github",
				"ligatures": ""
			},
			"setIdx": 0,
			"iconIdx": 92
		},
		{
			"icon": {
				"paths": [
					"M985.6 595.2l-390.4 390.4c-44.8 44.8-121.6 44.8-166.4 0l-396.8-390.4c-44.8-44.8-44.8-121.6 0-166.4l390.4-390.4c51.2-51.2 128-51.2 172.8-6.4l179.2 179.2-262.4 268.8-102.4-102.4c-32-32-83.2-32-108.8 0l-83.2 83.2c-32 32-32 76.8 0 108.8l236.8 236.8c25.6 25.6 57.6 25.6 83.2 19.2 12.8-6.4 19.2-6.4 25.6-19.2l396.8-403.2 19.2 19.2c57.6 51.2 57.6 128 6.4 172.8zM550.4 736c-12.8 12.8-44.8 12.8-44.8 12.8s-32 0-38.4-12.8l-179.2-185.6c-12.8-12.8-12.8-38.4 0-57.6l51.2-51.2c12.8-12.8 44.8-12.8 57.6 0l115.2 121.6 352-352c12.8-12.8 44.8-12.8 57.6 0l51.2 51.2c12.8 12.8 12.8 44.8 0 57.6l-422.4 416z"
				],
				"grid": 16,
				"tags": [
					"foursquare"
				]
			},
			"properties": {
				"order": 94,
				"id": 76,
				"prevSize": 16,
				"code": 58973,
				"name": "foursquare",
				"ligatures": ""
			},
			"setIdx": 0,
			"iconIdx": 93
		},
		{
			"icon": {
				"paths": [
					"M512 211.2l211.2-179.2 300.8 198.4-204.8 166.4-307.2-185.6zM1024 563.2l-300.8 198.4-211.2-172.8 300.8-185.6 211.2 160zM300.8 761.6l-300.8-198.4 204.8-166.4 307.2 192-211.2 172.8zM-0 230.4l300.8-198.4 211.2 179.2-300.8 192-211.2-172.8zM512 627.2l211.2 179.2 89.6-57.6v64l-300.8 179.2-300.8-179.2v-64l89.6 51.2 211.2-172.8z"
				],
				"grid": 16,
				"tags": [
					"dropbox"
				]
			},
			"properties": {
				"order": 95,
				"id": 74,
				"prevSize": 16,
				"code": 58974,
				"name": "dropbox",
				"ligatures": ""
			},
			"setIdx": 0,
			"iconIdx": 94
		},
		{
			"icon": {
				"paths": [
					"M864 710.4c-38.4 0-64-32-64-64v-256c0-38.4 32-64 64-64 38.4 0 64 32 64 64v256c0 32-25.6 64-64 64zM697.6 857.6h-38.4v108.8c0 38.4-25.6 64-57.6 64s-57.6-25.6-57.6-64v-108.8h-70.4v108.8c0 38.4-25.6 64-57.6 64s-57.6-25.6-57.6-64v-108.8h-32c-19.2 0-38.4-19.2-38.4-44.8v-428.8h448v422.4c0 32-12.8 51.2-38.4 51.2zM736 326.4h-448c0-89.6 32-153.6 76.8-192l-70.4-83.2c-6.4-12.8-6.4-25.6 0-38.4 12.8-12.8 25.6-12.8 38.4 0l83.2 96c32-12.8 64-19.2 96-19.2s70.4 6.4 96 19.2l83.2-96c12.8-12.8 25.6-12.8 38.4 0s12.8 32 0 38.4l-70.4 83.2c44.8 32 76.8 102.4 76.8 192zM441.6 198.4c-12.8 0-25.6 12.8-25.6 32s12.8 32 25.6 32 25.6-12.8 25.6-32-12.8-32-25.6-32zM582.4 198.4c-12.8 0-25.6 12.8-25.6 32s12.8 32 25.6 32 25.6-19.2 25.6-32-12.8-32-25.6-32zM160 710.4c-38.4 0-64-32-64-64v-256c0-38.4 25.6-64 64-64s64 32 64 64v256c0 32-25.6 64-64 64z"
				],
				"grid": 16,
				"tags": [
					"android"
				]
			},
			"properties": {
				"order": 96,
				"id": 70,
				"prevSize": 16,
				"code": 58975,
				"name": "android",
				"ligatures": ""
			},
			"setIdx": 0,
			"iconIdx": 95
		},
		{
			"icon": {
				"paths": [
					"M921.6 748.8c-32 153.6-115.2 211.2-147.2 249.6-32 25.6-121.6 25.6-153.6 6.4-38.4-25.6-134.4-25.6-166.4 0-44.8 32-115.2 19.2-128 12.8-256-179.2-352-716.8 12.8-774.4 64-12.8 134.4 32 134.4 32 51.2 25.6 70.4 12.8 115.2-6.4 96-44.8 243.2-44.8 313.6 76.8-147.2 96-153.6 294.4 19.2 403.2zM716.8 0c12.8 70.4-64 224-204.8 230.4-12.8-38.4 32-217.6 204.8-230.4z"
				],
				"grid": 16,
				"tags": [
					"apple"
				]
			},
			"properties": {
				"order": 97,
				"id": 71,
				"prevSize": 16,
				"code": 58976,
				"name": "apple",
				"ligatures": ""
			},
			"setIdx": 0,
			"iconIdx": 96
		}
	],
	"height": 1024,
	"metadata": {
		"name": "flat-ui-pro-icons",
		"url": "http://designmodo.com/flat",
		"designer": "Sergey Shmidt",
		"designerURL": "http://designmodo.com",
		"license": "Attribution-NonCommercial-NoDerivs 3.0 Unported",
		"licenseURL": "http://creativecommons.org/licenses/by-nc-nd/3.0/"
	},
	"preferences": {
		"showGlyphs": true,
		"showQuickUse": false,
		"fontPref": {
			"prefix": "fui-",
			"metadata": {
				"fontFamily": "flat-ui-pro-icons",
				"majorVersion": 1,
				"minorVersion": 1,
				"fontURL": "http://designmodo.com/flat",
				"designer": "Sergey Shmidt",
				"designerURL": "http://designmodo.com",
				"license": "Attribution-NonCommercial-NoDerivs 3.0 Unported",
				"licenseURL": "http://creativecommons.org/licenses/by-nc-nd/3.0/"
			},
			"metrics": {
				"emSize": 1024,
				"baseline": 6.25,
				"whitespace": 50
			},
			"showMetrics": true,
			"showMetadata": true,
			"showVersion": true,
			"includeMetadata": true,
			"resetPoint": 58880
		},
		"imagePref": {},
		"historySize": 100,
		"showCodes": true,
		"gridSize": 16,
		"showGrid": true,
		"showLiga": false
	}
}